设备SN,激活时间,有效交易订单数,有效交易订单实收金额,月活用户数,有效天数
SN0000,2026-05-01,6,796.54,2,1
SN0000,2026-05-02,7,598.66,1,1
SN0000,2026-05-03,18,99.97,2,1
SN0000,2026-05-04,3,142.87,2,1
SN0000,2026-05-05,1,722.0,1,1
SN0000,2026-05-06,0,304.24,4,1
SN0000,2026-05-07,11,23.06,2,1
SN0000,2026-05-08,9,46.67,3,1
SN0000,2026-05-09,15,232.77,2,1
SN0000,2026-05-10,11,514.23,0,1
SN0000,2026-05-11,2,859.94,4,1
SN0000,2026-05-12,8,65.05,3,1
SN0000,2026-05-13,13,808.4,0,1
SN0000,2026-05-14,1,684.23,3,1
SN0000,2026-05-15,6,610.0,2,1
SN0000,2026-05-16,13,391.06,1,1
SN0000,2026-05-17,7,755.36,1,1
SN0000,2026-05-18,3,184.85,1,1
SN0000,2026-05-19,11,939.5,3,1
SN0000,2026-05-20,13,727.27,3,1
SN0000,2026-05-21,7,844.53,4,1
SN0000,2026-05-22,17,539.69,1,1
SN0000,2026-05-23,12,140.92,4,1
SN0000,2026-05-24,0,15.64,0,1
SN0000,2026-05-25,0,198.72,2,1
SN0000,2026-05-26,18,706.86,2,1
SN0000,2026-05-27,2,771.27,4,1
SN0000,2026-05-28,9,358.47,0,1
SN0000,2026-05-29,6,850.04,3,1
SN0000,2026-05-30,1,95.41,4,1
SN0001,2026-05-01,2,591.3,2,1
SN0001,2026-05-02,2,472.21,4,1
SN0001,2026-05-03,14,713.24,0,1
SN0001,2026-05-04,4,561.28,2,1
SN0001,2026-05-05,8,710.66,1,1
SN0001,2026-05-06,9,439.34,2,1
SN0001,2026-05-07,6,475.37,4,1
SN0001,2026-05-08,3,907.57,4,1
SN0001,2026-05-09,14,755.55,3,1
SN0001,2026-05-10,12,76.98,2,1
SN0001,2026-05-11,18,161.22,1,1
SN0001,2026-05-12,9,808.12,0,1
SN0001,2026-05-13,5,456.53,3,1
SN0001,2026-05-14,11,416.51,2,1
SN0001,2026-05-15,6,906.83,0,1
SN0001,2026-05-16,19,352.57,2,1
SN0001,2026-05-17,6,164.66,2,1
SN0001,2026-05-18,8,484.83,0,1
SN0001,2026-05-19,18,269.41,2,1
SN0001,2026-05-20,8,403.84,0,1
SN0001,2026-05-21,19,246.88,1,1
SN0001,2026-05-22,2,300.88,0,1
SN0001,2026-05-23,16,266.78,1,1
SN0001,2026-05-24,1,411.04,4,1
SN0001,2026-05-25,0,634.35,1,1
SN0001,2026-05-26,11,447.78,3,1
SN0001,2026-05-27,10,369.65,0,1
SN0001,2026-05-28,5,367.78,3,1
SN0001,2026-05-29,1,633.53,2,1
SN0001,2026-05-30,15,798.35,0,1
SN0002,2026-05-01,5,695.81,2,1
SN0002,2026-05-02,19,325.96,3,1
SN0002,2026-05-03,18,711.15,2,1
SN0002,2026-05-04,19,645.17,3,1
SN0002,2026-05-05,8,690.94,1,1
SN0002,2026-05-06,7,137.52,3,1
SN0002,2026-05-07,17,924.69,1,1
SN0002,2026-05-08,2,228.55,1,1
SN0002,2026-05-09,15,555.2,3,1
SN0002,2026-05-10,16,241.85,3,1
SN0002,2026-05-11,4,900.42,2,1
SN0002,2026-05-12,8,278.87,2,1
SN0002,2026-05-13,15,846.66,3,1
SN0002,2026-05-14,0,642.03,2,1
SN0002,2026-05-15,16,161.63,3,1
SN0002,2026-05-16,2,372.28,0,1
SN0002,2026-05-17,2,973.66,1,1
SN0002,2026-05-18,13,548.73,2,1
SN0002,2026-05-19,15,994.46,3,1
SN0002,2026-05-20,0,18.08,4,1
SN0002,2026-05-21,15,746.49,2,1
SN0002,2026-05-22,16,308.06,3,1
SN0002,2026-05-23,18,636.33,4,1
SN0002,2026-05-24,18,892.05,2,1
SN0002,2026-05-25,1,350.08,0,1
SN0002,2026-05-26,14,492.52,4,1
SN0002,2026-05-27,15,280.77,2,1
SN0002,2026-05-28,16,43.6,3,1
SN0002,2026-05-29,13,914.86,2,1
SN0002,2026-05-30,8,953.07,4,1
SN0003,2026-05-01,16,552.76,2,1
SN0003,2026-05-02,0,75.35,4,1
SN0003,2026-05-03,0,316.92,1,1
SN0003,2026-05-04,9,936.15,1,1
SN0003,2026-05-05,2,570.06,1,1
SN0003,2026-05-06,14,990.05,1,1
SN0003,2026-05-07,9,877.37,0,1
SN0003,2026-05-08,7,697.02,2,1
SN0003,2026-05-09,15,552.82,1,1
SN0003,2026-05-10,2,256.21,4,1
SN0003,2026-05-11,6,501.52,4,1
SN0003,2026-05-12,19,649.96,3,1
SN0003,2026-05-13,18,338.0,3,1
SN0003,2026-05-14,1,93.98,2,1
SN0003,2026-05-15,16,37.35,2,1
SN0003,2026-05-16,4,522.24,4,1
SN0003,2026-05-17,11,965.25,3,1
SN0003,2026-05-18,5,51.68,3,1
SN0003,2026-05-19,14,699.51,3,1
SN0003,2026-05-20,15,975.85,3,1
SN0003,2026-05-21,9,322.96,0,1
SN0003,2026-05-22,18,438.97,1,1
SN0003,2026-05-23,4,184.33,0,1
SN0003,2026-05-24,11,408.95,1,1
SN0003,2026-05-25,0,442.35,0,1
SN0003,2026-05-26,7,934.61,0,1
SN0003,2026-05-27,15,516.7,4,1
SN0003,2026-05-28,2,247.73,2,1
SN0003,2026-05-29,4,120.16,4,1
SN0003,2026-05-30,13,91.8,0,1
SN0004,2026-05-01,13,979.51,4,1
SN0004,2026-05-02,11,17.16,1,1
SN0004,2026-05-03,15,806.91,3,1
SN0004,2026-05-04,0,464.67,4,1
SN0004,2026-05-05,9,949.15,3,1
SN0004,2026-05-06,1,260.89,1,1
SN0004,2026-05-07,18,503.14,0,1
SN0004,2026-05-08,4,683.96,1,1
SN0004,2026-05-09,16,867.2,2,1
SN0004,2026-05-10,19,575.47,1,1
SN0004,2026-05-11,2,643.29,0,1
SN0004,2026-05-12,18,820.64,3,1
SN0004,2026-05-13,2,820.43,1,1
SN0004,2026-05-14,10,195.79,4,1
SN0004,2026-05-15,11,100.78,1,1
SN0004,2026-05-16,18,618.25,0,1
SN0004,2026-05-17,7,385.4,1,1
SN0004,2026-05-18,1,260.69,3,1
SN0004,2026-05-19,17,628.94,4,1
SN0004,2026-05-20,3,417.95,4,1
SN0004,2026-05-21,3,177.44,0,1
SN0004,2026-05-22,2,990.51,3,1
SN0004,2026-05-23,17,250.02,4,1
SN0004,2026-05-24,11,428.99,4,1
SN0004,2026-05-25,2,103.12,0,1
SN0004,2026-05-26,16,505.25,0,1
SN0004,2026-05-27,12,895.52,0,1
SN0004,2026-05-28,3,10.84,0,1
SN0004,2026-05-29,18,91.29,3,1
SN0004,2026-05-30,13,676.77,3,1
SN0005,2026-05-01,18,493.03,4,1
SN0005,2026-05-02,4,293.21,0,1
SN0005,2026-05-03,19,672.52,3,1
SN0005,2026-05-04,15,789.62,4,1
SN0005,2026-05-05,9,974.25,1,1
SN0005,2026-05-06,4,737.04,4,1
SN0005,2026-05-07,10,705.83,3,1
SN0005,2026-05-08,8,761.51,3,1
SN0005,2026-05-09,16,101.12,4,1
SN0005,2026-05-10,7,72.76,1,1
SN0005,2026-05-11,1,81.35,4,1
SN0005,2026-05-12,5,986.64,4,1
SN0005,2026-05-13,0,880.36,0,1
SN0005,2026-05-14,6,986.0,3,1
SN0005,2026-05-15,3,376.26,2,1
SN0005,2026-05-16,11,558.4,2,1
SN0005,2026-05-17,9,906.35,2,1
SN0005,2026-05-18,12,11.35,3,1
SN0005,2026-05-19,19,118.82,4,1
SN0005,2026-05-20,8,744.21,2,1
SN0005,2026-05-21,12,237.51,0,1
SN0005,2026-05-22,16,82.89,0,1
SN0005,2026-05-23,5,436.34,1,1
SN0005,2026-05-24,11,977.9,4,1
SN0005,2026-05-25,14,891.14,4,1
SN0005,2026-05-26,10,919.12,3,1
SN0005,2026-05-27,2,695.41,0,1
SN0005,2026-05-28,17,166.22,0,1
SN0005,2026-05-29,13,294.49,0,1
SN0005,2026-05-30,2,901.16,0,1
SN0006,2026-05-01,10,280.96,3,1
SN0006,2026-05-02,7,169.68,3,1
SN0006,2026-05-03,7,353.35,1,1
SN0006,2026-05-04,4,974.39,2,1
SN0006,2026-05-05,16,279.76,4,1
SN0006,2026-05-06,19,602.78,4,1
SN0006,2026-05-07,12,910.93,4,1
SN0006,2026-05-08,5,949.8,4,1
SN0006,2026-05-09,14,919.18,1,1
SN0006,2026-05-10,17,551.59,4,1
SN0006,2026-05-11,0,777.6,1,1
SN0006,2026-05-12,14,150.42,4,1
SN0006,2026-05-13,16,838.33,1,1
SN0006,2026-05-14,8,414.82,0,1
SN0006,2026-05-15,15,75.36,3,1
SN0006,2026-05-16,16,534.35,4,1
SN0006,2026-05-17,5,913.17,4,1
SN0006,2026-05-18,4,757.08,2,1
SN0006,2026-05-19,16,241.08,0,1
SN0006,2026-05-20,13,251.44,4,1
SN0006,2026-05-21,12,207.23,0,1
SN0006,2026-05-22,16,757.0,1,1
SN0006,2026-05-23,7,22.18,1,1
SN0006,2026-05-24,1,476.21,2,1
SN0006,2026-05-25,17,852.18,3,1
SN0006,2026-05-26,4,88.41,2,1
SN0006,2026-05-27,16,134.02,4,1
SN0006,2026-05-28,13,704.08,2,1
SN0006,2026-05-29,6,136.37,3,1
SN0006,2026-05-30,1,350.59,1,1
SN0007,2026-05-01,17,392.24,2,1
SN0007,2026-05-02,18,904.16,3,1
SN0007,2026-05-03,5,450.91,3,1
SN0007,2026-05-04,9,862.36,4,1
SN0007,2026-05-05,3,459.35,0,1
SN0007,2026-05-06,9,768.92,3,1
SN0007,2026-05-07,4,980.03,4,1
SN0007,2026-05-08,1,328.75,2,1
SN0007,2026-05-09,10,240.15,2,1
SN0007,2026-05-10,14,128.88,2,1
SN0007,2026-05-11,15,640.87,3,1
SN0007,2026-05-12,2,874.32,2,1
SN0007,2026-05-13,17,601.94,2,1
SN0007,2026-05-14,18,821.79,1,1
SN0007,2026-05-15,9,177.01,4,1
SN0007,2026-05-16,5,120.64,0,1
SN0007,2026-05-17,11,206.33,1,1
SN0007,2026-05-18,16,503.42,4,1
SN0007,2026-05-19,8,92.29,0,1
SN0007,2026-05-20,14,511.66,2,1
SN0007,2026-05-21,15,61.08,1,1
SN0007,2026-05-22,3,806.2,0,1
SN0007,2026-05-23,2,184.52,1,1
SN0007,2026-05-24,13,462.53,4,1
SN0007,2026-05-25,13,147.74,2,1
SN0007,2026-05-26,6,687.17,2,1
SN0007,2026-05-27,14,30.47,1,1
SN0007,2026-05-28,5,532.62,0,1
SN0007,2026-05-29,4,182.28,0,1
SN0007,2026-05-30,16,211.45,1,1
SN0008,2026-05-01,11,233.22,4,1
SN0008,2026-05-02,19,473.97,1,1
SN0008,2026-05-03,2,648.82,1,1
SN0008,2026-05-04,14,584.2,1,1
SN0008,2026-05-05,14,745.44,0,1
SN0008,2026-05-06,11,127.58,0,1
SN0008,2026-05-07,4,363.08,1,1
SN0008,2026-05-08,1,244.35,2,1
SN0008,2026-05-09,12,330.35,0,1
SN0008,2026-05-10,0,7.53,4,1
SN0008,2026-05-11,5,365.36,3,1
SN0008,2026-05-12,10,87.89,0,1
SN0008,2026-05-13,2,524.51,4,1
SN0008,2026-05-14,3,997.26,1,1
SN0008,2026-05-15,19,969.47,3,1
SN0008,2026-05-16,14,817.07,0,1
SN0008,2026-05-17,5,668.64,0,1
SN0008,2026-05-18,1,556.76,1,1
SN0008,2026-05-19,18,838.58,4,1
SN0008,2026-05-20,5,967.99,3,1
SN0008,2026-05-21,18,199.51,3,1
SN0008,2026-05-22,16,529.84,0,1
SN0008,2026-05-23,13,288.63,4,1
SN0008,2026-05-24,10,932.01,4,1
SN0008,2026-05-25,10,593.88,1,1
SN0008,2026-05-26,9,548.6,1,1
SN0008,2026-05-27,11,201.73,1,1
SN0008,2026-05-28,19,254.64,4,1
SN0008,2026-05-29,8,760.23,2,1
SN0008,2026-05-30,14,471.58,2,1
SN0009,2026-05-01,16,850.73,3,1
SN0009,2026-05-02,11,408.52,4,1
SN0009,2026-05-03,10,938.34,3,1
SN0009,2026-05-04,2,66.5,3,1
SN0009,2026-05-05,7,827.94,4,1
SN0009,2026-05-06,13,799.54,2,1
SN0009,2026-05-07,4,814.57,2,1
SN0009,2026-05-08,13,523.07,3,1
SN0009,2026-05-09,12,588.31,1,1
SN0009,2026-05-10,7,451.95,2,1
SN0009,2026-05-11,5,539.78,0,1
SN0009,2026-05-12,16,899.57,1,1
SN0009,2026-05-13,13,66.62,2,1
SN0009,2026-05-14,6,116.9,2,1
SN0009,2026-05-15,6,730.55,1,1
SN0009,2026-05-16,19,794.03,4,1
SN0009,2026-05-17,0,533.46,2,1
SN0009,2026-05-18,3,997.69,0,1
SN0009,2026-05-19,0,706.98,2,1
SN0009,2026-05-20,0,33.53,1,1
SN0009,2026-05-21,9,493.98,1,1
SN0009,2026-05-22,0,102.92,4,1
SN0009,2026-05-23,14,846.45,3,1
SN0009,2026-05-24,14,797.3,4,1
SN0009,2026-05-25,14,408.96,4,1
SN0009,2026-05-26,1,12.2,2,1
SN0009,2026-05-27,18,565.51,1,1
SN0009,2026-05-28,10,599.03,3,1
SN0009,2026-05-29,10,959.07,1,1
SN0009,2026-05-30,13,614.95,1,1
SN0010,2026-05-01,12,139.12,1,1
SN0010,2026-05-02,0,18.11,3,1
SN0010,2026-05-03,10,932.12,3,1
SN0010,2026-05-04,15,696.65,4,1
SN0010,2026-05-05,7,651.37,0,1
SN0010,2026-05-06,8,424.13,4,1
SN0010,2026-05-07,13,934.37,2,1
SN0010,2026-05-08,0,113.24,4,1
SN0010,2026-05-09,13,186.32,0,1
SN0010,2026-05-10,0,869.9,2,1
SN0010,2026-05-11,7,607.89,0,1
SN0010,2026-05-12,8,205.58,0,1
SN0010,2026-05-13,8,114.27,3,1
SN0010,2026-05-14,10,922.96,1,1
SN0010,2026-05-15,1,918.45,2,1
SN0010,2026-05-16,11,912.75,0,1
SN0010,2026-05-17,6,165.51,4,1
SN0010,2026-05-18,0,362.39,2,1
SN0010,2026-05-19,17,663.54,0,1
SN0010,2026-05-20,19,458.99,3,1
SN0010,2026-05-21,7,502.2,0,1
SN0010,2026-05-22,12,397.32,2,1
SN0010,2026-05-23,18,349.39,4,1
SN0010,2026-05-24,16,36.55,2,1
SN0010,2026-05-25,17,294.04,2,1
SN0010,2026-05-26,14,527.65,3,1
SN0010,2026-05-27,16,400.76,2,1
SN0010,2026-05-28,3,181.93,4,1
SN0010,2026-05-29,6,753.25,1,1
SN0010,2026-05-30,9,897.43,1,1
SN0011,2026-05-01,0,25.39,3,1
SN0011,2026-05-02,17,866.99,0,1
SN0011,2026-05-03,2,231.07,2,1
SN0011,2026-05-04,7,104.11,4,1
SN0011,2026-05-05,2,887.46,3,1
SN0011,2026-05-06,14,720.81,2,1
SN0011,2026-05-07,13,603.2,2,1
SN0011,2026-05-08,15,397.18,4,1
SN0011,2026-05-09,13,293.15,1,1
SN0011,2026-05-10,6,633.24,0,1
SN0011,2026-05-11,18,122.78,2,1
SN0011,2026-05-12,3,642.93,1,1
SN0011,2026-05-13,1,910.62,4,1
SN0011,2026-05-14,19,335.87,1,1
SN0011,2026-05-15,2,590.29,3,1
SN0011,2026-05-16,19,624.15,0,1
SN0011,2026-05-17,1,861.07,2,1
SN0011,2026-05-18,19,974.55,3,1
SN0011,2026-05-19,16,868.47,2,1
SN0011,2026-05-20,13,471.07,0,1
SN0011,2026-05-21,17,22.47,0,1
SN0011,2026-05-22,7,698.85,0,1
SN0011,2026-05-23,6,218.02,2,1
SN0011,2026-05-24,13,984.4,1,1
SN0011,2026-05-25,12,691.22,4,1
SN0011,2026-05-26,10,822.58,4,1
SN0011,2026-05-27,9,576.52,1,1
SN0011,2026-05-28,16,405.25,1,1
SN0011,2026-05-29,11,206.42,1,1
SN0011,2026-05-30,5,732.18,1,1
SN0012,2026-05-01,11,633.1,4,1
SN0012,2026-05-02,6,573.29,0,1
SN0012,2026-05-03,13,46.97,3,1
SN0012,2026-05-04,10,184.37,4,1
SN0012,2026-05-05,3,770.99,4,1
SN0012,2026-05-06,10,288.69,3,1
SN0012,2026-05-07,16,721.53,2,1
SN0012,2026-05-08,1,396.65,4,1
SN0012,2026-05-09,0,269.91,3,1
SN0012,2026-05-10,18,595.08,2,1
SN0012,2026-05-11,16,496.37,4,1
SN0012,2026-05-12,10,334.24,1,1
SN0012,2026-05-13,1,106.6,0,1
SN0012,2026-05-14,7,728.19,0,1
SN0012,2026-05-15,10,598.29,0,1
SN0012,2026-05-16,6,75.93,1,1
SN0012,2026-05-17,4,2.34,2,1
SN0012,2026-05-18,5,590.23,2,1
SN0012,2026-05-19,4,91.58,2,1
SN0012,2026-05-20,16,136.82,1,1
SN0012,2026-05-21,16,185.13,2,1
SN0012,2026-05-22,7,638.95,0,1
SN0012,2026-05-23,4,692.28,0,1
SN0012,2026-05-24,17,489.42,2,1
SN0012,2026-05-25,8,944.06,1,1
SN0012,2026-05-26,15,925.25,1,1
SN0012,2026-05-27,6,33.95,4,1
SN0012,2026-05-28,6,297.35,1,1
SN0012,2026-05-29,17,745.06,3,1
SN0012,2026-05-30,6,455.14,2,1
SN0013,2026-05-01,9,644.55,2,1
SN0013,2026-05-02,11,120.57,1,1
SN0013,2026-05-03,2,696.29,1,1
SN0013,2026-05-04,11,572.43,0,1
SN0013,2026-05-05,3,790.72,0,1
SN0013,2026-05-06,12,625.89,4,1
SN0013,2026-05-07,9,876.67,1,1
SN0013,2026-05-08,2,870.1,2,1
SN0013,2026-05-09,12,528.94,2,1
SN0013,2026-05-10,6,9.49,4,1
SN0013,2026-05-11,16,401.93,4,1
SN0013,2026-05-12,11,627.51,3,1
SN0013,2026-05-13,14,398.29,0,1
SN0013,2026-05-14,6,522.52,0,1
SN0013,2026-05-15,16,110.47,1,1
SN0013,2026-05-16,3,715.55,4,1
SN0013,2026-05-17,15,17.87,0,1
SN0013,2026-05-18,14,384.33,3,1
SN0013,2026-05-19,11,956.42,4,1
SN0013,2026-05-20,4,89.41,2,1
SN0013,2026-05-21,12,989.18,3,1
SN0013,2026-05-22,3,231.67,3,1
SN0013,2026-05-23,18,512.69,1,1
SN0013,2026-05-24,10,176.53,1,1
SN0013,2026-05-25,8,186.44,2,1
SN0013,2026-05-26,5,800.77,0,1
SN0013,2026-05-27,8,927.75,1,1
SN0013,2026-05-28,16,173.9,1,1
SN0013,2026-05-29,2,758.24,0,1
SN0013,2026-05-30,2,815.83,4,1
SN0014,2026-05-01,14,34.87,3,1
SN0014,2026-05-02,13,860.13,2,1
SN0014,2026-05-03,8,391.17,2,1
SN0014,2026-05-04,8,44.38,1,1
SN0014,2026-05-05,11,35.42,0,1
SN0014,2026-05-06,4,735.21,1,1
SN0014,2026-05-07,14,5.08,2,1
SN0014,2026-05-08,4,48.78,1,1
SN0014,2026-05-09,5,962.12,4,1
SN0014,2026-05-10,4,991.48,1,1
SN0014,2026-05-11,7,882.91,4,1
SN0014,2026-05-12,18,824.68,1,1
SN0014,2026-05-13,7,565.73,4,1
SN0014,2026-05-14,0,878.63,2,1
SN0014,2026-05-15,15,658.45,0,1
SN0014,2026-05-16,15,708.36,2,1
SN0014,2026-05-17,12,697.47,1,1
SN0014,2026-05-18,3,618.61,3,1
SN0014,2026-05-19,6,881.64,4,1
SN0014,2026-05-20,18,879.07,1,1
SN0014,2026-05-21,9,819.95,4,1
SN0014,2026-05-22,6,160.76,3,1
SN0014,2026-05-23,1,832.13,4,1
SN0014,2026-05-24,11,6.39,4,1
SN0014,2026-05-25,13,326.43,0,1
SN0014,2026-05-26,16,115.84,1,1
SN0014,2026-05-27,12,779.85,2,1
SN0014,2026-05-28,6,541.27,1,1
SN0014,2026-05-29,14,932.03,4,1
SN0014,2026-05-30,3,173.75,3,1
SN0015,2026-05-01,17,947.3,0,1
SN0015,2026-05-02,11,67.35,1,1
SN0015,2026-05-03,0,57.92,2,1
SN0015,2026-05-04,17,871.54,4,1
SN0015,2026-05-05,11,749.65,2,1
SN0015,2026-05-06,19,758.26,4,1
SN0015,2026-05-07,10,821.51,2,1
SN0015,2026-05-08,10,683.3,1,1
SN0015,2026-05-09,1,273.63,4,1
SN0015,2026-05-10,3,426.18,4,1
SN0015,2026-05-11,8,163.62,4,1
SN0015,2026-05-12,10,220.77,1,1
SN0015,2026-05-13,14,680.5,2,1
SN0015,2026-05-14,2,950.86,3,1
SN0015,2026-05-15,14,419.73,2,1
SN0015,2026-05-16,19,397.59,0,1
SN0015,2026-05-17,4,983.98,0,1
SN0015,2026-05-18,5,229.95,4,1
SN0015,2026-05-19,2,31.13,0,1
SN0015,2026-05-20,11,562.75,3,1
SN0015,2026-05-21,15,543.23,3,1
SN0015,2026-05-22,13,203.7,4,1
SN0015,2026-05-23,7,770.92,1,1
SN0015,2026-05-24,19,17.86,4,1
SN0015,2026-05-25,11,32.53,3,1
SN0015,2026-05-26,2,185.46,0,1
SN0015,2026-05-27,13,598.33,3,1
SN0015,2026-05-28,19,430.31,0,1
SN0015,2026-05-29,1,797.56,2,1
SN0015,2026-05-30,12,149.58,4,1
SN0016,2026-05-01,17,680.46,1,1
SN0016,2026-05-02,13,974.7,2,1
SN0016,2026-05-03,12,757.06,3,1
SN0016,2026-05-04,5,907.82,2,1
SN0016,2026-05-05,18,104.93,0,1
SN0016,2026-05-06,11,986.66,3,1
SN0016,2026-05-07,19,346.02,1,1
SN0016,2026-05-08,0,517.71,0,1
SN0016,2026-05-09,8,350.63,0,1
SN0016,2026-05-10,12,78.58,1,1
SN0016,2026-05-11,5,567.54,1,1
SN0016,2026-05-12,17,821.44,1,1
SN0016,2026-05-13,11,104.57,2,1
SN0016,2026-05-14,2,896.22,0,1
SN0016,2026-05-15,5,616.6,0,1
SN0016,2026-05-16,17,935.2,1,1
SN0016,2026-05-17,19,339.45,2,1
SN0016,2026-05-18,6,660.82,3,1
SN0016,2026-05-19,5,817.3,1,1
SN0016,2026-05-20,2,40.75,3,1
SN0016,2026-05-21,9,438.61,1,1
SN0016,2026-05-22,11,247.1,4,1
SN0016,2026-05-23,12,615.74,2,1
SN0016,2026-05-24,13,336.9,4,1
SN0016,2026-05-25,18,161.67,1,1
SN0016,2026-05-26,18,228.45,0,1
SN0016,2026-05-27,2,81.53,2,1
SN0016,2026-05-28,2,220.56,0,1
SN0016,2026-05-29,6,462.62,4,1
SN0016,2026-05-30,19,628.76,3,1
SN0017,2026-05-01,11,767.72,3,1
SN0017,2026-05-02,17,867.03,0,1
SN0017,2026-05-03,3,29.39,1,1
SN0017,2026-05-04,3,873.42,1,1
SN0017,2026-05-05,3,421.72,1,1
SN0017,2026-05-06,18,592.35,4,1
SN0017,2026-05-07,11,383.85,1,1
SN0017,2026-05-08,7,836.0,0,1
SN0017,2026-05-09,2,776.0,3,1
SN0017,2026-05-10,15,601.86,1,1
SN0017,2026-05-11,11,372.85,1,1
SN0017,2026-05-12,4,854.39,4,1
SN0017,2026-05-13,8,247.23,3,1
SN0017,2026-05-14,14,592.92,0,1
SN0017,2026-05-15,19,592.95,0,1
SN0017,2026-05-16,1,857.99,4,1
SN0017,2026-05-17,0,773.47,3,1
SN0017,2026-05-18,12,237.03,2,1
SN0017,2026-05-19,9,73.5,1,1
SN0017,2026-05-20,9,669.39,0,1
SN0017,2026-05-21,0,449.43,2,1
SN0017,2026-05-22,11,706.78,3,1
SN0017,2026-05-23,10,736.4,4,1
SN0017,2026-05-24,11,474.63,0,1
SN0017,2026-05-25,11,446.37,3,1
SN0017,2026-05-26,19,269.75,1,1
SN0017,2026-05-27,8,531.17,3,1
SN0017,2026-05-28,0,122.11,4,1
SN0017,2026-05-29,4,103.31,2,1
SN0017,2026-05-30,13,688.21,3,1
SN0018,2026-05-01,17,965.12,2,1
SN0018,2026-05-02,1,323.13,4,1
SN0018,2026-05-03,6,454.74,2,1
SN0018,2026-05-04,17,342.65,3,1
SN0018,2026-05-05,12,143.54,1,1
SN0018,2026-05-06,9,732.9,1,1
SN0018,2026-05-07,0,730.83,4,1
SN0018,2026-05-08,5,868.14,1,1
SN0018,2026-05-09,0,838.12,1,1
SN0018,2026-05-10,10,683.25,1,1
SN0018,2026-05-11,17,617.85,0,1
SN0018,2026-05-12,11,113.11,0,1
SN0018,2026-05-13,13,918.68,0,1
SN0018,2026-05-14,18,940.88,4,1
SN0018,2026-05-15,15,651.23,1,1
SN0018,2026-05-16,1,999.41,0,1
SN0018,2026-05-17,0,406.91,4,1
SN0018,2026-05-18,8,90.48,0,1
SN0018,2026-05-19,10,878.52,4,1
SN0018,2026-05-20,5,327.03,2,1
SN0018,2026-05-21,5,901.38,4,1
SN0018,2026-05-22,8,317.2,4,1
SN0018,2026-05-23,10,375.67,0,1
SN0018,2026-05-24,14,630.21,1,1
SN0018,2026-05-25,6,563.44,2,1
SN0018,2026-05-26,0,237.54,0,1
SN0018,2026-05-27,2,227.27,1,1
SN0018,2026-05-28,10,603.45,1,1
SN0018,2026-05-29,1,463.49,2,1
SN0018,2026-05-30,7,519.08,3,1
SN0019,2026-05-01,11,148.99,4,1
SN0019,2026-05-02,14,533.6,2,1
SN0019,2026-05-03,15,549.41,1,1
SN0019,2026-05-04,11,955.52,4,1
SN0019,2026-05-05,10,7.56,4,1
SN0019,2026-05-06,14,243.48,2,1
SN0019,2026-05-07,18,60.27,4,1
SN0019,2026-05-08,12,351.62,1,1
SN0019,2026-05-09,13,485.87,4,1
SN0019,2026-05-10,19,670.1,4,1
SN0019,2026-05-11,14,532.26,1,1
SN0019,2026-05-12,3,717.64,1,1
SN0019,2026-05-13,16,976.73,1,1
SN0019,2026-05-14,10,123.22,3,1
SN0019,2026-05-15,9,799.78,0,1
SN0019,2026-05-16,9,185.23,3,1
SN0019,2026-05-17,19,483.55,0,1
SN0019,2026-05-18,11,43.41,1,1
SN0019,2026-05-19,14,951.4,4,1
SN0019,2026-05-20,8,793.74,1,1
SN0019,2026-05-21,9,900.02,0,1
SN0019,2026-05-22,4,302.06,2,1
SN0019,2026-05-23,3,423.74,1,1
SN0019,2026-05-24,17,766.66,1,1
SN0019,2026-05-25,0,423.94,4,1
SN0019,2026-05-26,14,235.24,3,1
SN0019,2026-05-27,1,472.89,4,1
SN0019,2026-05-28,16,178.45,4,1
SN0019,2026-05-29,14,230.25,2,1
SN0019,2026-05-30,9,256.88,4,1
SN0020,2026-05-01,1,274.54,4,1
SN0020,2026-05-02,17,404.32,4,1
SN0020,2026-05-03,6,724.52,2,1
SN0020,2026-05-04,6,341.09,2,1
SN0020,2026-05-05,3,724.34,1,1
SN0020,2026-05-06,6,772.62,3,1
SN0020,2026-05-07,7,645.29,3,1
SN0020,2026-05-08,2,401.19,0,1
SN0020,2026-05-09,5,355.0,3,1
SN0020,2026-05-10,12,519.06,1,1
SN0020,2026-05-11,4,69.93,4,1
SN0020,2026-05-12,7,880.08,1,1
SN0020,2026-05-13,2,532.96,4,1
SN0020,2026-05-14,2,190.32,1,1
SN0020,2026-05-15,11,661.84,0,1
SN0020,2026-05-16,2,730.65,3,1
SN0020,2026-05-17,7,580.48,1,1
SN0020,2026-05-18,3,961.67,4,1
SN0020,2026-05-19,14,200.93,1,1
SN0020,2026-05-20,15,1.24,3,1
SN0020,2026-05-21,7,795.45,4,1
SN0020,2026-05-22,18,152.42,4,1
SN0020,2026-05-23,19,927.0,3,1
SN0020,2026-05-24,0,842.03,4,1
SN0020,2026-05-25,19,623.59,1,1
SN0020,2026-05-26,7,755.27,0,1
SN0020,2026-05-27,15,506.84,3,1
SN0020,2026-05-28,1,63.11,3,1
SN0020,2026-05-29,0,227.36,4,1
SN0020,2026-05-30,1,380.91,1,1
SN0021,2026-05-01,8,509.72,2,1
SN0021,2026-05-02,19,279.7,1,1
SN0021,2026-05-03,3,873.34,2,1
SN0021,2026-05-04,10,574.59,3,1
SN0021,2026-05-05,4,391.04,3,1
SN0021,2026-05-06,14,397.18,1,1
SN0021,2026-05-07,12,380.62,1,1
SN0021,2026-05-08,13,805.93,3,1
SN0021,2026-05-09,13,80.92,4,1
SN0021,2026-05-10,2,173.52,1,1
SN0021,2026-05-11,2,346.1,3,1
SN0021,2026-05-12,17,640.97,0,1
SN0021,2026-05-13,1,132.52,0,1
SN0021,2026-05-14,3,606.37,0,1
SN0021,2026-05-15,13,898.26,4,1
SN0021,2026-05-16,19,502.57,0,1
SN0021,2026-05-17,5,146.37,4,1
SN0021,2026-05-18,1,68.17,1,1
SN0021,2026-05-19,3,135.17,3,1
SN0021,2026-05-20,12,549.53,3,1
SN0021,2026-05-21,12,936.45,3,1
SN0021,2026-05-22,17,277.75,4,1
SN0021,2026-05-23,10,619.59,3,1
SN0021,2026-05-24,18,386.46,4,1
SN0021,2026-05-25,18,191.78,0,1
SN0021,2026-05-26,1,484.6,1,1
SN0021,2026-05-27,14,983.68,2,1
SN0021,2026-05-28,8,142.25,0,1
SN0021,2026-05-29,13,101.05,3,1
SN0021,2026-05-30,0,509.42,0,1
SN0022,2026-05-01,4,615.22,3,1
SN0022,2026-05-02,19,655.72,1,1
SN0022,2026-05-03,4,886.6,4,1
SN0022,2026-05-04,2,367.76,3,1
SN0022,2026-05-05,13,176.89,4,1
SN0022,2026-05-06,4,11.03,1,1
SN0022,2026-05-07,5,259.81,1,1
SN0022,2026-05-08,6,618.95,4,1
SN0022,2026-05-09,17,629.3,4,1
SN0022,2026-05-10,17,64.62,3,1
SN0022,2026-05-11,16,109.74,3,1
SN0022,2026-05-12,10,454.38,3,1
SN0022,2026-05-13,3,864.66,3,1
SN0022,2026-05-14,17,476.02,0,1
SN0022,2026-05-15,19,859.57,1,1
SN0022,2026-05-16,9,892.08,0,1
SN0022,2026-05-17,16,658.69,0,1
SN0022,2026-05-18,0,808.88,4,1
SN0022,2026-05-19,0,840.87,1,1
SN0022,2026-05-20,7,461.48,2,1
SN0022,2026-05-21,1,386.35,0,1
SN0022,2026-05-22,14,889.39,4,1
SN0022,2026-05-23,18,105.69,3,1
SN0022,2026-05-24,0,443.27,4,1
SN0022,2026-05-25,7,84.79,2,1
SN0022,2026-05-26,0,72.08,2,1
SN0022,2026-05-27,16,956.5,4,1
SN0022,2026-05-28,7,353.25,3,1
SN0022,2026-05-29,10,970.75,2,1
SN0022,2026-05-30,6,783.84,2,1
SN0023,2026-05-01,10,412.13,4,1
SN0023,2026-05-02,7,265.05,3,1
SN0023,2026-05-03,16,295.44,0,1
SN0023,2026-05-04,8,381.94,1,1
SN0023,2026-05-05,2,121.39,3,1
SN0023,2026-05-06,13,69.25,0,1
SN0023,2026-05-07,17,322.22,3,1
SN0023,2026-05-08,11,474.34,1,1
SN0023,2026-05-09,12,582.42,3,1
SN0023,2026-05-10,1,128.1,0,1
SN0023,2026-05-11,7,598.53,0,1
SN0023,2026-05-12,7,432.08,3,1
SN0023,2026-05-13,17,943.08,3,1
SN0023,2026-05-14,11,197.47,0,1
SN0023,2026-05-15,2,671.45,0,1
SN0023,2026-05-16,11,918.93,1,1
SN0023,2026-05-17,12,221.06,3,1
SN0023,2026-05-18,10,320.06,2,1
SN0023,2026-05-19,12,164.81,4,1
SN0023,2026-05-20,14,91.87,1,1
SN0023,2026-05-21,14,505.85,3,1
SN0023,2026-05-22,12,413.42,4,1
SN0023,2026-05-23,0,508.36,2,1
SN0023,2026-05-24,6,577.17,0,1
SN0023,2026-05-25,4,160.07,1,1
SN0023,2026-05-26,15,811.75,3,1
SN0023,2026-05-27,4,881.45,3,1
SN0023,2026-05-28,7,193.95,1,1
SN0023,2026-05-29,1,204.04,1,1
SN0023,2026-05-30,13,615.99,2,1
SN0024,2026-05-01,1,355.38,4,1
SN0024,2026-05-02,8,554.23,1,1
SN0024,2026-05-03,11,745.73,0,1
SN0024,2026-05-04,1,758.68,3,1
SN0024,2026-05-05,10,756.26,2,1
SN0024,2026-05-06,4,124.71,4,1
SN0024,2026-05-07,3,722.07,2,1
SN0024,2026-05-08,4,663.04,4,1
SN0024,2026-05-09,9,619.59,3,1
SN0024,2026-05-10,12,92.99,3,1
SN0024,2026-05-11,13,723.4,4,1
SN0024,2026-05-12,15,225.44,3,1
SN0024,2026-05-13,3,52.8,1,1
SN0024,2026-05-14,17,602.15,3,1
SN0024,2026-05-15,18,498.26,2,1
SN0024,2026-05-16,12,745.93,1,1
SN0024,2026-05-17,5,209.84,3,1
SN0024,2026-05-18,18,440.2,3,1
SN0024,2026-05-19,16,434.02,1,1
SN0024,2026-05-20,19,62.54,3,1
SN0024,2026-05-21,14,998.35,3,1
SN0024,2026-05-22,12,173.48,3,1
SN0024,2026-05-23,19,785.65,2,1
SN0024,2026-05-24,14,409.9,3,1
SN0024,2026-05-25,10,739.99,1,1
SN0024,2026-05-26,15,202.94,3,1
SN0024,2026-05-27,9,334.51,4,1
SN0024,2026-05-28,10,24.19,4,1
SN0024,2026-05-29,5,518.08,4,1
SN0024,2026-05-30,18,940.68,1,1
SN0025,2026-05-01,2,429.66,2,1
SN0025,2026-05-02,4,841.93,4,1
SN0025,2026-05-03,19,802.64,1,1
SN0025,2026-05-04,4,706.02,1,1
SN0025,2026-05-05,3,49.84,1,1
SN0025,2026-05-06,2,436.85,0,1
SN0025,2026-05-07,3,765.51,3,1
SN0025,2026-05-08,11,135.35,3,1
SN0025,2026-05-09,3,13.4,3,1
SN0025,2026-05-10,9,282.19,3,1
SN0025,2026-05-11,6,246.98,3,1
SN0025,2026-05-12,13,249.55,1,1
SN0025,2026-05-13,12,268.14,0,1
SN0025,2026-05-14,12,853.09,2,1
SN0025,2026-05-15,19,619.7,2,1
SN0025,2026-05-16,3,315.19,2,1
SN0025,2026-05-17,6,86.42,1,1
SN0025,2026-05-18,10,963.39,4,1
SN0025,2026-05-19,9,827.87,0,1
SN0025,2026-05-20,4,981.3,1,1
SN0025,2026-05-21,4,654.17,1,1
SN0025,2026-05-22,4,565.33,2,1
SN0025,2026-05-23,18,972.01,3,1
SN0025,2026-05-24,8,22.04,4,1
SN0025,2026-05-25,3,417.99,0,1
SN0025,2026-05-26,6,683.75,0,1
SN0025,2026-05-27,16,980.52,4,1
SN0025,2026-05-28,1,403.98,2,1
SN0025,2026-05-29,8,791.7,0,1
SN0025,2026-05-30,16,612.9,1,1
SN0026,2026-05-01,0,428.63,4,1
SN0026,2026-05-02,1,664.19,0,1
SN0026,2026-05-03,1,97.56,2,1
SN0026,2026-05-04,6,545.43,3,1
SN0026,2026-05-05,9,978.06,2,1
SN0026,2026-05-06,16,201.36,4,1
SN0026,2026-05-07,19,544.85,3,1
SN0026,2026-05-08,13,754.11,4,1
SN0026,2026-05-09,14,879.58,3,1
SN0026,2026-05-10,13,238.8,0,1
SN0026,2026-05-11,7,984.99,1,1
SN0026,2026-05-12,16,27.17,0,1
SN0026,2026-05-13,2,909.22,0,1
SN0026,2026-05-14,9,497.81,3,1
SN0026,2026-05-15,17,93.41,4,1
SN0026,2026-05-16,18,195.61,3,1
SN0026,2026-05-17,9,94.04,3,1
SN0026,2026-05-18,8,577.59,4,1
SN0026,2026-05-19,7,797.91,1,1
SN0026,2026-05-20,9,447.6,3,1
SN0026,2026-05-21,1,316.76,2,1
SN0026,2026-05-22,12,906.14,1,1
SN0026,2026-05-23,10,983.52,0,1
SN0026,2026-05-24,0,33.38,4,1
SN0026,2026-05-25,15,152.1,3,1
SN0026,2026-05-26,5,967.76,2,1
SN0026,2026-05-27,8,803.6,0,1
SN0026,2026-05-28,12,984.11,4,1
SN0026,2026-05-29,12,323.01,3,1
SN0026,2026-05-30,5,979.78,2,1
SN0027,2026-05-01,4,559.76,0,1
SN0027,2026-05-02,3,719.35,1,1
SN0027,2026-05-03,4,973.46,3,1
SN0027,2026-05-04,8,819.06,1,1
SN0027,2026-05-05,5,710.24,3,1
SN0027,2026-05-06,10,901.3,3,1
SN0027,2026-05-07,11,314.06,1,1
SN0027,2026-05-08,2,879.82,1,1
SN0027,2026-05-09,15,712.01,1,1
SN0027,2026-05-10,0,239.87,3,1
SN0027,2026-05-11,1,347.94,1,1
SN0027,2026-05-12,10,651.15,0,1
SN0027,2026-05-13,4,806.2,2,1
SN0027,2026-05-14,2,31.12,4,1
SN0027,2026-05-15,15,106.34,2,1
SN0027,2026-05-16,7,3.82,0,1
SN0027,2026-05-17,19,227.18,2,1
SN0027,2026-05-18,3,866.39,4,1
SN0027,2026-05-19,2,763.16,4,1
SN0027,2026-05-20,13,759.25,3,1
SN0027,2026-05-21,11,232.76,0,1
SN0027,2026-05-22,2,59.09,1,1
SN0027,2026-05-23,18,907.2,2,1
SN0027,2026-05-24,1,447.06,3,1
SN0027,2026-05-25,7,128.85,2,1
SN0027,2026-05-26,13,479.07,0,1
SN0027,2026-05-27,7,739.9,1,1
SN0027,2026-05-28,5,280.04,0,1
SN0027,2026-05-29,18,972.78,2,1
SN0027,2026-05-30,9,699.32,3,1
SN0028,2026-05-01,19,981.8,0,1
SN0028,2026-05-02,18,872.75,4,1
SN0028,2026-05-03,3,96.53,0,1
SN0028,2026-05-04,0,468.77,0,1
SN0028,2026-05-05,13,598.36,2,1
SN0028,2026-05-06,8,299.92,0,1
SN0028,2026-05-07,3,64.49,3,1
SN0028,2026-05-08,7,877.26,4,1
SN0028,2026-05-09,13,340.41,4,1
SN0028,2026-05-10,16,285.29,3,1
SN0028,2026-05-11,2,267.78,1,1
SN0028,2026-05-12,4,252.31,4,1
SN0028,2026-05-13,2,488.37,4,1
SN0028,2026-05-14,8,909.63,3,1
SN0028,2026-05-15,2,829.29,0,1
SN0028,2026-05-16,7,517.45,3,1
SN0028,2026-05-17,11,464.43,0,1
SN0028,2026-05-18,18,892.52,4,1
SN0028,2026-05-19,7,948.11,3,1
SN0028,2026-05-20,18,237.43,3,1
SN0028,2026-05-21,3,384.51,4,1
SN0028,2026-05-22,2,652.22,1,1
SN0028,2026-05-23,1,472.9,0,1
SN0028,2026-05-24,0,268.96,0,1
SN0028,2026-05-25,17,361.85,3,1
SN0028,2026-05-26,5,45.65,2,1
SN0028,2026-05-27,9,971.53,4,1
SN0028,2026-05-28,12,482.04,2,1
SN0028,2026-05-29,15,280.68,0,1
SN0028,2026-05-30,12,537.01,0,1
SN0029,2026-05-01,13,49.5,2,1
SN0029,2026-05-02,19,108.03,1,1
SN0029,2026-05-03,6,802.59,0,1
SN0029,2026-05-04,9,293.49,0,1
SN0029,2026-05-05,8,816.68,0,1
SN0029,2026-05-06,8,818.21,4,1
SN0029,2026-05-07,18,879.86,0,1
SN0029,2026-05-08,6,493.55,2,1
SN0029,2026-05-09,13,992.82,4,1
SN0029,2026-05-10,13,165.2,3,1
SN0029,2026-05-11,18,411.02,4,1
SN0029,2026-05-12,12,607.91,0,1
SN0029,2026-05-13,12,718.43,3,1
SN0029,2026-05-14,4,1.57,2,1
SN0029,2026-05-15,13,51.14,4,1
SN0029,2026-05-16,14,59.52,3,1
SN0029,2026-05-17,17,256.69,3,1
SN0029,2026-05-18,0,456.24,1,1
SN0029,2026-05-19,4,121.03,3,1
SN0029,2026-05-20,7,751.18,0,1
SN0029,2026-05-21,11,80.18,0,1
SN0029,2026-05-22,6,412.68,4,1
SN0029,2026-05-23,8,646.45,2,1
SN0029,2026-05-24,10,598.69,1,1
SN0029,2026-05-25,18,913.29,0,1
SN0029,2026-05-26,6,873.7,3,1
SN0029,2026-05-27,5,120.56,1,1
SN0029,2026-05-28,5,829.02,1,1
SN0029,2026-05-29,16,694.88,3,1
SN0029,2026-05-30,2,448.85,4,1
SN0030,2026-05-01,14,43.74,4,1
SN0030,2026-05-02,16,216.05,0,1
SN0030,2026-05-03,5,845.6,2,1
SN0030,2026-05-04,17,403.9,4,1
SN0030,2026-05-05,8,306.31,1,1
SN0030,2026-05-06,11,798.38,2,1
SN0030,2026-05-07,2,857.56,0,1
SN0030,2026-05-08,7,889.65,1,1
SN0030,2026-05-09,3,392.97,1,1
SN0030,2026-05-10,4,645.74,4,1
SN0030,2026-05-11,0,345.88,3,1
SN0030,2026-05-12,18,25.45,3,1
SN0030,2026-05-13,17,636.9,2,1
SN0030,2026-05-14,14,71.71,2,1
SN0030,2026-05-15,16,101.26,4,1
SN0030,2026-05-16,7,364.59,3,1
SN0030,2026-05-17,11,559.69,3,1
SN0030,2026-05-18,16,140.55,4,1
SN0030,2026-05-19,2,964.02,3,1
SN0030,2026-05-20,13,30.96,2,1
SN0030,2026-05-21,9,395.43,2,1
SN0030,2026-05-22,14,487.85,1,1
SN0030,2026-05-23,4,835.48,4,1
SN0030,2026-05-24,9,374.8,2,1
SN0030,2026-05-25,5,602.94,3,1
SN0030,2026-05-26,8,984.01,4,1
SN0030,2026-05-27,14,151.58,0,1
SN0030,2026-05-28,12,970.74,3,1
SN0030,2026-05-29,4,154.15,0,1
SN0030,2026-05-30,12,541.7,4,1
SN0031,2026-05-01,18,356.19,1,1
SN0031,2026-05-02,12,194.62,0,1
SN0031,2026-05-03,13,677.39,4,1
SN0031,2026-05-04,11,830.69,3,1
SN0031,2026-05-05,18,165.24,4,1
SN0031,2026-05-06,2,150.52,1,1
SN0031,2026-05-07,10,207.31,4,1
SN0031,2026-05-08,16,734.58,1,1
SN0031,2026-05-09,7,325.82,1,1
SN0031,2026-05-10,18,201.31,4,1
SN0031,2026-05-11,7,39.46,0,1
SN0031,2026-05-12,4,543.02,2,1
SN0031,2026-05-13,1,722.14,4,1
SN0031,2026-05-14,14,869.97,4,1
SN0031,2026-05-15,10,549.32,4,1
SN0031,2026-05-16,16,680.76,0,1
SN0031,2026-05-17,13,34.46,0,1
SN0031,2026-05-18,18,462.68,3,1
SN0031,2026-05-19,11,754.62,1,1
SN0031,2026-05-20,3,285.78,0,1
SN0031,2026-05-21,14,605.76,0,1
SN0031,2026-05-22,18,577.28,2,1
SN0031,2026-05-23,13,455.98,3,1
SN0031,2026-05-24,18,602.12,3,1
SN0031,2026-05-25,6,956.05,0,1
SN0031,2026-05-26,7,853.96,0,1
SN0031,2026-05-27,16,846.97,2,1
SN0031,2026-05-28,5,256.05,4,1
SN0031,2026-05-29,12,971.53,4,1
SN0031,2026-05-30,15,762.6,4,1
SN0032,2026-05-01,10,872.05,1,1
SN0032,2026-05-02,9,632.54,4,1
SN0032,2026-05-03,15,819.8,0,1
SN0032,2026-05-04,2,210.7,0,1
SN0032,2026-05-05,14,990.55,1,1
SN0032,2026-05-06,7,994.65,2,1
SN0032,2026-05-07,0,341.78,4,1
SN0032,2026-05-08,0,69.03,4,1
SN0032,2026-05-09,7,937.09,3,1
SN0032,2026-05-10,8,766.12,3,1
SN0032,2026-05-11,2,613.6,0,1
SN0032,2026-05-12,1,77.65,3,1
SN0032,2026-05-13,5,306.14,2,1
SN0032,2026-05-14,13,808.24,4,1
SN0032,2026-05-15,1,6.09,2,1
SN0032,2026-05-16,5,299.57,0,1
SN0032,2026-05-17,1,794.52,3,1
SN0032,2026-05-18,1,72.9,4,1
SN0032,2026-05-19,14,211.11,1,1
SN0032,2026-05-20,6,401.31,2,1
SN0032,2026-05-21,6,476.44,0,1
SN0032,2026-05-22,16,640.48,4,1
SN0032,2026-05-23,12,603.49,4,1
SN0032,2026-05-24,18,647.82,0,1
SN0032,2026-05-25,9,585.86,3,1
SN0032,2026-05-26,19,682.62,1,1
SN0032,2026-05-27,13,822.53,3,1
SN0032,2026-05-28,12,916.79,1,1
SN0032,2026-05-29,11,496.7,1,1
SN0032,2026-05-30,17,823.78,2,1
SN0033,2026-05-01,8,748.65,0,1
SN0033,2026-05-02,16,511.13,1,1
SN0033,2026-05-03,17,276.17,0,1
SN0033,2026-05-04,17,466.97,4,1
SN0033,2026-05-05,11,740.9,4,1
SN0033,2026-05-06,10,826.71,2,1
SN0033,2026-05-07,18,564.98,1,1
SN0033,2026-05-08,11,571.81,1,1
SN0033,2026-05-09,14,942.98,2,1
SN0033,2026-05-10,16,377.31,3,1
SN0033,2026-05-11,18,89.29,1,1
SN0033,2026-05-12,0,930.17,0,1
SN0033,2026-05-13,9,139.12,4,1
SN0033,2026-05-14,10,666.39,0,1
SN0033,2026-05-15,11,129.6,3,1
SN0033,2026-05-16,14,943.98,0,1
SN0033,2026-05-17,19,781.82,3,1
SN0033,2026-05-18,4,48.19,4,1
SN0033,2026-05-19,15,385.12,0,1
SN0033,2026-05-20,2,457.7,1,1
SN0033,2026-05-21,13,770.78,0,1
SN0033,2026-05-22,6,767.57,1,1
SN0033,2026-05-23,4,822.18,1,1
SN0033,2026-05-24,15,371.16,2,1
SN0033,2026-05-25,0,796.24,4,1
SN0033,2026-05-26,12,295.3,3,1
SN0033,2026-05-27,17,737.1,3,1
SN0033,2026-05-28,11,395.13,0,1
SN0033,2026-05-29,3,85.34,2,1
SN0033,2026-05-30,2,666.87,0,1
SN0034,2026-05-01,9,543.81,4,1
SN0034,2026-05-02,9,14.69,4,1
SN0034,2026-05-03,5,337.35,0,1
SN0034,2026-05-04,3,948.85,2,1
SN0034,2026-05-05,2,404.29,0,1
SN0034,2026-05-06,11,595.13,4,1
SN0034,2026-05-07,10,877.65,1,1
SN0034,2026-05-08,5,762.31,3,1
SN0034,2026-05-09,15,772.92,3,1
SN0034,2026-05-10,11,125.55,4,1
SN0034,2026-05-11,9,770.16,0,1
SN0034,2026-05-12,1,181.74,4,1
SN0034,2026-05-13,0,739.03,3,1
SN0034,2026-05-14,11,1.35,2,1
SN0034,2026-05-15,3,548.38,3,1
SN0034,2026-05-16,14,675.58,2,1
SN0034,2026-05-17,7,783.2,0,1
SN0034,2026-05-18,7,207.09,2,1
SN0034,2026-05-19,3,899.46,4,1
SN0034,2026-05-20,8,937.38,1,1
SN0034,2026-05-21,12,747.44,3,1
SN0034,2026-05-22,3,957.79,0,1
SN0034,2026-05-23,4,530.74,3,1
SN0034,2026-05-24,17,644.59,3,1
SN0034,2026-05-25,8,204.98,1,1
SN0034,2026-05-26,11,619.73,0,1
SN0034,2026-05-27,9,315.15,2,1
SN0034,2026-05-28,10,981.65,3,1
SN0034,2026-05-29,14,163.88,2,1
SN0034,2026-05-30,10,809.86,3,1
SN0035,2026-05-01,5,290.5,3,1
SN0035,2026-05-02,14,60.63,1,1
SN0035,2026-05-03,16,930.61,3,1
SN0035,2026-05-04,19,230.25,0,1
SN0035,2026-05-05,17,301.92,1,1
SN0035,2026-05-06,14,354.27,1,1
SN0035,2026-05-07,13,76.24,1,1
SN0035,2026-05-08,13,546.58,4,1
SN0035,2026-05-09,2,165.75,4,1
SN0035,2026-05-10,7,209.19,2,1
SN0035,2026-05-11,11,843.65,2,1
SN0035,2026-05-12,12,527.23,3,1
SN0035,2026-05-13,11,960.63,3,1
SN0035,2026-05-14,2,498.24,2,1
SN0035,2026-05-15,11,259.54,0,1
SN0035,2026-05-16,17,593.56,1,1
SN0035,2026-05-17,5,190.11,2,1
SN0035,2026-05-18,1,698.31,2,1
SN0035,2026-05-19,15,977.31,4,1
SN0035,2026-05-20,9,476.9,3,1
SN0035,2026-05-21,14,232.04,2,1
SN0035,2026-05-22,6,781.35,3,1
SN0035,2026-05-23,17,771.63,3,1
SN0035,2026-05-24,8,835.41,3,1
SN0035,2026-05-25,4,376.99,3,1
SN0035,2026-05-26,9,804.75,4,1
SN0035,2026-05-27,9,321.67,1,1
SN0035,2026-05-28,7,808.28,4,1
SN0035,2026-05-29,2,894.64,4,1
SN0035,2026-05-30,9,901.38,2,1
SN0036,2026-05-01,1,993.26,0,1
SN0036,2026-05-02,6,371.72,3,1
SN0036,2026-05-03,19,754.26,2,1
SN0036,2026-05-04,2,950.93,2,1
SN0036,2026-05-05,13,622.04,4,1
SN0036,2026-05-06,19,386.32,4,1
SN0036,2026-05-07,17,656.63,1,1
SN0036,2026-05-08,0,191.59,4,1
SN0036,2026-05-09,19,101.8,1,1
SN0036,2026-05-10,10,751.77,4,1
SN0036,2026-05-11,0,175.22,1,1
SN0036,2026-05-12,12,224.89,3,1
SN0036,2026-05-13,4,719.16,2,1
SN0036,2026-05-14,2,326.34,2,1
SN0036,2026-05-15,18,143.81,1,1
SN0036,2026-05-16,7,400.94,3,1
SN0036,2026-05-17,9,888.89,1,1
SN0036,2026-05-18,19,204.46,0,1
SN0036,2026-05-19,15,331.56,3,1
SN0036,2026-05-20,13,71.16,3,1
SN0036,2026-05-21,14,879.5,0,1
SN0036,2026-05-22,2,95.05,2,1
SN0036,2026-05-23,7,47.64,3,1
SN0036,2026-05-24,1,773.91,1,1
SN0036,2026-05-25,3,151.6,0,1
SN0036,2026-05-26,16,539.09,3,1
SN0036,2026-05-27,12,37.57,4,1
SN0036,2026-05-28,8,0.01,0,1
SN0036,2026-05-29,5,54.63,1,1
SN0036,2026-05-30,7,226.13,4,1
SN0037,2026-05-01,19,230.42,2,1
SN0037,2026-05-02,14,191.12,3,1
SN0037,2026-05-03,5,731.72,3,1
SN0037,2026-05-04,14,415.94,4,1
SN0037,2026-05-05,17,896.04,4,1
SN0037,2026-05-06,15,816.78,0,1
SN0037,2026-05-07,15,901.94,3,1
SN0037,2026-05-08,6,220.49,4,1
SN0037,2026-05-09,7,661.01,2,1
SN0037,2026-05-10,9,709.32,2,1
SN0037,2026-05-11,1,780.63,0,1
SN0037,2026-05-12,16,952.22,1,1
SN0037,2026-05-13,16,601.55,3,1
SN0037,2026-05-14,14,714.42,4,1
SN0037,2026-05-15,4,102.52,0,1
SN0037,2026-05-16,18,369.28,0,1
SN0037,2026-05-17,1,697.21,2,1
SN0037,2026-05-18,5,920.99,1,1
SN0037,2026-05-19,6,850.47,0,1
SN0037,2026-05-20,16,30.86,0,1
SN0037,2026-05-21,8,345.34,3,1
SN0037,2026-05-22,19,157.33,0,1
SN0037,2026-05-23,16,727.06,4,1
SN0037,2026-05-24,0,311.98,1,1
SN0037,2026-05-25,14,506.67,3,1
SN0037,2026-05-26,17,16.06,2,1
SN0037,2026-05-27,19,124.38,1,1
SN0037,2026-05-28,0,970.26,4,1
SN0037,2026-05-29,3,558.98,4,1
SN0037,2026-05-30,18,706.19,0,1
SN0038,2026-05-01,16,540.73,4,1
SN0038,2026-05-02,0,308.83,4,1
SN0038,2026-05-03,15,800.0,2,1
SN0038,2026-05-04,18,396.55,2,1
SN0038,2026-05-05,10,865.3,3,1
SN0038,2026-05-06,3,625.03,1,1
SN0038,2026-05-07,18,501.52,2,1
SN0038,2026-05-08,17,832.83,2,1
SN0038,2026-05-09,18,12.16,3,1
SN0038,2026-05-10,0,548.86,4,1
SN0038,2026-05-11,10,191.43,3,1
SN0038,2026-05-12,16,934.99,4,1
SN0038,2026-05-13,13,605.5,2,1
SN0038,2026-05-14,0,285.76,0,1
SN0038,2026-05-15,18,677.54,2,1
SN0038,2026-05-16,1,205.4,3,1
SN0038,2026-05-17,0,641.73,2,1
SN0038,2026-05-18,19,277.85,1,1
SN0038,2026-05-19,9,914.73,1,1
SN0038,2026-05-20,9,179.36,1,1
SN0038,2026-05-21,4,978.96,0,1
SN0038,2026-05-22,4,189.82,3,1
SN0038,2026-05-23,8,204.44,0,1
SN0038,2026-05-24,11,74.04,2,1
SN0038,2026-05-25,9,516.79,2,1
SN0038,2026-05-26,15,630.7,1,1
SN0038,2026-05-27,5,968.54,2,1
SN0038,2026-05-28,6,172.11,3,1
SN0038,2026-05-29,8,92.07,3,1
SN0038,2026-05-30,18,623.65,1,1
SN0039,2026-05-01,1,703.79,2,1
SN0039,2026-05-02,9,450.69,0,1
SN0039,2026-05-03,3,249.52,1,1
SN0039,2026-05-04,3,946.73,1,1
SN0039,2026-05-05,9,612.26,2,1
SN0039,2026-05-06,18,882.99,2,1
SN0039,2026-05-07,3,701.14,0,1
SN0039,2026-05-08,12,408.15,0,1
SN0039,2026-05-09,12,582.93,0,1
SN0039,2026-05-10,8,450.25,0,1
SN0039,2026-05-11,9,399.04,4,1
SN0039,2026-05-12,13,188.54,0,1
SN0039,2026-05-13,9,8.32,1,1
SN0039,2026-05-14,2,890.06,4,1
SN0039,2026-05-15,14,258.71,4,1
SN0039,2026-05-16,8,438.38,2,1
SN0039,2026-05-17,16,546.88,0,1
SN0039,2026-05-18,9,700.87,4,1
SN0039,2026-05-19,7,653.99,4,1
SN0039,2026-05-20,14,738.72,0,1
SN0039,2026-05-21,13,270.81,1,1
SN0039,2026-05-22,7,354.86,1,1
SN0039,2026-05-23,2,215.34,0,1
SN0039,2026-05-24,10,594.8,1,1
SN0039,2026-05-25,17,805.09,2,1
SN0039,2026-05-26,3,932.71,4,1
SN0039,2026-05-27,13,397.45,0,1
SN0039,2026-05-28,13,291.5,1,1
SN0039,2026-05-29,16,920.77,2,1
SN0039,2026-05-30,6,268.85,3,1
SN0040,2026-05-01,0,895.35,0,1
SN0040,2026-05-02,17,787.39,4,1
SN0040,2026-05-03,1,630.25,2,1
SN0040,2026-05-04,5,427.6,3,1
SN0040,2026-05-05,17,649.32,4,1
SN0040,2026-05-06,14,64.01,1,1
SN0040,2026-05-07,10,598.85,4,1
SN0040,2026-05-08,3,590.23,4,1
SN0040,2026-05-09,10,491.1,3,1
SN0040,2026-05-10,14,281.04,2,1
SN0040,2026-05-11,13,11.49,0,1
SN0040,2026-05-12,0,924.03,4,1
SN0040,2026-05-13,15,516.42,0,1
SN0040,2026-05-14,9,942.53,1,1
SN0040,2026-05-15,6,720.57,3,1
SN0040,2026-05-16,18,110.43,4,1
SN0040,2026-05-17,0,309.81,3,1
SN0040,2026-05-18,9,535.55,4,1
SN0040,2026-05-19,19,872.64,4,1
SN0040,2026-05-20,13,913.79,4,1
SN0040,2026-05-21,3,632.22,0,1
SN0040,2026-05-22,9,271.5,0,1
SN0040,2026-05-23,16,102.57,0,1
SN0040,2026-05-24,5,553.37,2,1
SN0040,2026-05-25,6,193.86,4,1
SN0040,2026-05-26,9,884.38,3,1
SN0040,2026-05-27,15,748.36,0,1
SN0040,2026-05-28,8,160.37,4,1
SN0040,2026-05-29,12,721.93,3,1
SN0040,2026-05-30,14,489.38,4,1
SN0041,2026-05-01,16,740.63,4,1
SN0041,2026-05-02,1,531.89,3,1
SN0041,2026-05-03,17,296.79,0,1
SN0041,2026-05-04,16,414.2,1,1
SN0041,2026-05-05,18,241.54,1,1
SN0041,2026-05-06,14,105.35,3,1
SN0041,2026-05-07,1,519.22,3,1
SN0041,2026-05-08,10,245.35,2,1
SN0041,2026-05-09,14,749.39,2,1
SN0041,2026-05-10,8,415.78,0,1
SN0041,2026-05-11,18,678.98,1,1
SN0041,2026-05-12,0,203.67,1,1
SN0041,2026-05-13,18,546.69,0,1
SN0041,2026-05-14,1,22.14,4,1
SN0041,2026-05-15,15,605.64,4,1
SN0041,2026-05-16,6,142.84,1,1
SN0041,2026-05-17,16,206.25,4,1
SN0041,2026-05-18,16,678.9,1,1
SN0041,2026-05-19,16,951.44,0,1
SN0041,2026-05-20,16,611.34,2,1
SN0041,2026-05-21,2,560.68,4,1
SN0041,2026-05-22,10,688.63,3,1
SN0041,2026-05-23,15,9.98,3,1
SN0041,2026-05-24,8,535.66,0,1
SN0041,2026-05-25,15,203.44,3,1
SN0041,2026-05-26,18,285.51,4,1
SN0041,2026-05-27,18,820.6,0,1
SN0041,2026-05-28,12,484.34,2,1
SN0041,2026-05-29,13,387.83,1,1
SN0041,2026-05-30,18,280.88,1,1
SN0042,2026-05-01,7,877.35,3,1
SN0042,2026-05-02,14,541.76,3,1
SN0042,2026-05-03,14,66.56,0,1
SN0042,2026-05-04,16,74.11,1,1
SN0042,2026-05-05,12,803.81,3,1
SN0042,2026-05-06,9,321.16,2,1
SN0042,2026-05-07,2,350.52,2,1
SN0042,2026-05-08,3,464.24,3,1
SN0042,2026-05-09,10,656.73,2,1
SN0042,2026-05-10,10,831.37,0,1
SN0042,2026-05-11,8,5.31,3,1
SN0042,2026-05-12,1,772.81,0,1
SN0042,2026-05-13,3,766.52,1,1
SN0042,2026-05-14,4,521.07,1,1
SN0042,2026-05-15,19,140.32,4,1
SN0042,2026-05-16,18,620.47,4,1
SN0042,2026-05-17,6,662.48,3,1
SN0042,2026-05-18,5,749.98,0,1
SN0042,2026-05-19,15,758.72,2,1
SN0042,2026-05-20,3,852.58,4,1
SN0042,2026-05-21,9,306.9,4,1
SN0042,2026-05-22,12,712.78,2,1
SN0042,2026-05-23,7,599.77,1,1
SN0042,2026-05-24,11,724.34,2,1
SN0042,2026-05-25,14,557.93,1,1
SN0042,2026-05-26,1,133.65,2,1
SN0042,2026-05-27,17,958.5,0,1
SN0042,2026-05-28,5,533.25,2,1
SN0042,2026-05-29,5,748.23,4,1
SN0042,2026-05-30,0,528.72,3,1
SN0043,2026-05-01,13,218.72,3,1
SN0043,2026-05-02,6,264.64,4,1
SN0043,2026-05-03,14,821.65,3,1
SN0043,2026-05-04,4,747.84,0,1
SN0043,2026-05-05,7,31.15,4,1
SN0043,2026-05-06,2,824.33,3,1
SN0043,2026-05-07,13,666.85,0,1
SN0043,2026-05-08,13,888.12,4,1
SN0043,2026-05-09,6,996.16,1,1
SN0043,2026-05-10,1,748.0,0,1
SN0043,2026-05-11,5,94.92,3,1
SN0043,2026-05-12,11,326.64,2,1
SN0043,2026-05-13,9,5.72,2,1
SN0043,2026-05-14,2,571.16,4,1
SN0043,2026-05-15,12,130.08,3,1
SN0043,2026-05-16,10,360.43,2,1
SN0043,2026-05-17,10,13.7,3,1
SN0043,2026-05-18,15,312.2,1,1
SN0043,2026-05-19,16,762.3,2,1
SN0043,2026-05-20,2,938.41,4,1
SN0043,2026-05-21,9,390.59,3,1
SN0043,2026-05-22,18,442.29,1,1
SN0043,2026-05-23,10,578.84,2,1
SN0043,2026-05-24,10,929.14,3,1
SN0043,2026-05-25,4,633.07,4,1
SN0043,2026-05-26,18,443.06,1,1
SN0043,2026-05-27,3,861.05,1,1
SN0043,2026-05-28,19,939.93,2,1
SN0043,2026-05-29,10,832.83,2,1
SN0043,2026-05-30,17,110.06,2,1
SN0044,2026-05-01,11,500.36,0,1
SN0044,2026-05-02,8,69.8,2,1
SN0044,2026-05-03,0,635.94,3,1
SN0044,2026-05-04,0,179.36,3,1
SN0044,2026-05-05,17,667.76,4,1
SN0044,2026-05-06,13,169.73,3,1
SN0044,2026-05-07,17,779.1,2,1
SN0044,2026-05-08,10,453.58,3,1
SN0044,2026-05-09,5,535.94,1,1
SN0044,2026-05-10,12,153.69,4,1
SN0044,2026-05-11,16,277.01,3,1
SN0044,2026-05-12,10,592.84,2,1
SN0044,2026-05-13,19,31.74,1,1
SN0044,2026-05-14,16,606.85,3,1
SN0044,2026-05-15,15,690.68,2,1
SN0044,2026-05-16,6,501.58,2,1
SN0044,2026-05-17,14,683.45,2,1
SN0044,2026-05-18,8,997.24,3,1
SN0044,2026-05-19,4,897.37,0,1
SN0044,2026-05-20,7,940.77,4,1
SN0044,2026-05-21,13,335.28,4,1
SN0044,2026-05-22,11,816.97,1,1
SN0044,2026-05-23,18,551.88,1,1
SN0044,2026-05-24,17,416.22,1,1
SN0044,2026-05-25,1,474.95,1,1
SN0044,2026-05-26,5,942.38,3,1
SN0044,2026-05-27,14,147.28,2,1
SN0044,2026-05-28,4,759.29,3,1
SN0044,2026-05-29,7,207.27,4,1
SN0044,2026-05-30,9,256.46,0,1
SN0045,2026-05-01,3,673.99,3,1
SN0045,2026-05-02,4,170.12,3,1
SN0045,2026-05-03,17,342.65,1,1
SN0045,2026-05-04,10,563.41,4,1
SN0045,2026-05-05,5,780.56,2,1
SN0045,2026-05-06,11,273.64,0,1
SN0045,2026-05-07,0,459.58,1,1
SN0045,2026-05-08,9,281.92,1,1
SN0045,2026-05-09,8,190.73,0,1
SN0045,2026-05-10,15,547.24,3,1
SN0045,2026-05-11,7,664.2,1,1
SN0045,2026-05-12,14,44.96,4,1
SN0045,2026-05-13,16,765.16,3,1
SN0045,2026-05-14,17,470.87,0,1
SN0045,2026-05-15,11,483.18,2,1
SN0045,2026-05-16,6,117.01,1,1
SN0045,2026-05-17,15,328.23,3,1
SN0045,2026-05-18,7,196.42,0,1
SN0045,2026-05-19,16,175.49,2,1
SN0045,2026-05-20,12,579.31,1,1
SN0045,2026-05-21,13,644.75,3,1
SN0045,2026-05-22,6,932.32,4,1
SN0045,2026-05-23,5,131.65,3,1
SN0045,2026-05-24,2,218.71,4,1
SN0045,2026-05-25,1,903.19,4,1
SN0045,2026-05-26,5,969.93,0,1
SN0045,2026-05-27,5,374.55,2,1
SN0045,2026-05-28,9,367.39,2,1
SN0045,2026-05-29,11,556.78,4,1
SN0045,2026-05-30,4,175.12,0,1
SN0046,2026-05-01,8,252.65,4,1
SN0046,2026-05-02,19,249.67,3,1
SN0046,2026-05-03,12,623.48,1,1
SN0046,2026-05-04,17,53.51,3,1
SN0046,2026-05-05,12,232.06,3,1
SN0046,2026-05-06,0,554.34,4,1
SN0046,2026-05-07,16,293.95,1,1
SN0046,2026-05-08,12,944.67,2,1
SN0046,2026-05-09,14,908.43,4,1
SN0046,2026-05-10,16,772.52,4,1
SN0046,2026-05-11,15,615.25,1,1
SN0046,2026-05-12,16,704.08,4,1
SN0046,2026-05-13,17,397.87,1,1
SN0046,2026-05-14,12,674.4,4,1
SN0046,2026-05-15,15,340.41,2,1
SN0046,2026-05-16,19,670.03,3,1
SN0046,2026-05-17,9,773.55,4,1
SN0046,2026-05-18,19,278.47,0,1
SN0046,2026-05-19,19,928.38,0,1
SN0046,2026-05-20,11,24.97,1,1
SN0046,2026-05-21,15,237.48,3,1
SN0046,2026-05-22,0,773.38,0,1
SN0046,2026-05-23,7,281.05,3,1
SN0046,2026-05-24,0,610.77,1,1
SN0046,2026-05-25,18,750.77,2,1
SN0046,2026-05-26,16,210.78,1,1
SN0046,2026-05-27,7,929.14,1,1
SN0046,2026-05-28,5,19.16,2,1
SN0046,2026-05-29,7,775.24,2,1
SN0046,2026-05-30,18,345.08,0,1
SN0047,2026-05-01,18,293.78,2,1
SN0047,2026-05-02,6,265.5,0,1
SN0047,2026-05-03,5,678.5,3,1
SN0047,2026-05-04,1,619.62,4,1
SN0047,2026-05-05,18,506.33,1,1
SN0047,2026-05-06,16,281.62,1,1
SN0047,2026-05-07,12,10.28,0,1
SN0047,2026-05-08,8,346.89,3,1
SN0047,2026-05-09,13,794.48,3,1
SN0047,2026-05-10,2,142.26,2,1
SN0047,2026-05-11,0,88.99,0,1
SN0047,2026-05-12,11,185.73,1,1
SN0047,2026-05-13,3,198.49,2,1
SN0047,2026-05-14,8,239.99,3,1
SN0047,2026-05-15,13,448.78,1,1
SN0047,2026-05-16,2,246.66,1,1
SN0047,2026-05-17,8,751.18,1,1
SN0047,2026-05-18,18,904.36,4,1
SN0047,2026-05-19,2,757.05,0,1
SN0047,2026-05-20,14,462.39,0,1
SN0047,2026-05-21,11,411.2,1,1
SN0047,2026-05-22,17,895.56,3,1
SN0047,2026-05-23,15,691.06,0,1
SN0047,2026-05-24,1,184.63,1,1
SN0047,2026-05-25,19,830.95,4,1
SN0047,2026-05-26,0,116.92,4,1
SN0047,2026-05-27,14,949.9,3,1
SN0047,2026-05-28,14,433.84,4,1
SN0047,2026-05-29,4,355.13,2,1
SN0047,2026-05-30,15,217.91,3,1
SN0048,2026-05-01,17,105.85,2,1
SN0048,2026-05-02,7,657.03,2,1
SN0048,2026-05-03,7,399.52,0,1
SN0048,2026-05-04,19,10.81,2,1
SN0048,2026-05-05,4,98.74,4,1
SN0048,2026-05-06,4,118.71,4,1
SN0048,2026-05-07,5,214.7,0,1
SN0048,2026-05-08,15,783.5,3,1
SN0048,2026-05-09,18,658.72,3,1
SN0048,2026-05-10,11,103.27,1,1
SN0048,2026-05-11,12,567.97,4,1
SN0048,2026-05-12,8,31.78,1,1
SN0048,2026-05-13,14,144.31,3,1
SN0048,2026-05-14,11,523.59,4,1
SN0048,2026-05-15,14,574.44,0,1
SN0048,2026-05-16,9,359.21,4,1
SN0048,2026-05-17,14,820.7,2,1
SN0048,2026-05-18,12,793.93,0,1
SN0048,2026-05-19,16,557.31,4,1
SN0048,2026-05-20,16,834.59,4,1
SN0048,2026-05-21,5,565.69,4,1
SN0048,2026-05-22,14,823.62,2,1
SN0048,2026-05-23,12,459.12,4,1
SN0048,2026-05-24,2,16.76,4,1
SN0048,2026-05-25,16,420.76,1,1
SN0048,2026-05-26,14,475.6,3,1
SN0048,2026-05-27,5,161.22,1,1
SN0048,2026-05-28,17,332.11,0,1
SN0048,2026-05-29,13,844.86,3,1
SN0048,2026-05-30,14,612.8,2,1
SN0049,2026-05-01,14,661.78,0,1
SN0049,2026-05-02,2,354.67,3,1
SN0049,2026-05-03,2,403.21,3,1
SN0049,2026-05-04,7,319.65,4,1
SN0049,2026-05-05,16,899.26,1,1
SN0049,2026-05-06,0,444.12,3,1
SN0049,2026-05-07,12,531.66,4,1
SN0049,2026-05-08,15,216.96,3,1
SN0049,2026-05-09,7,156.81,3,1
SN0049,2026-05-10,15,41.92,4,1
SN0049,2026-05-11,12,710.11,2,1
SN0049,2026-05-12,7,502.43,2,1
SN0049,2026-05-13,8,313.05,1,1
SN0049,2026-05-14,7,50.21,3,1
SN0049,2026-05-15,18,379.62,4,1
SN0049,2026-05-16,15,403.21,1,1
SN0049,2026-05-17,5,531.29,4,1
SN0049,2026-05-18,6,731.5,2,1
SN0049,2026-05-19,12,658.05,1,1
SN0049,2026-05-20,13,107.61,4,1
SN0049,2026-05-21,5,251.17,1,1
SN0049,2026-05-22,14,484.02,0,1
SN0049,2026-05-23,4,901.58,2,1
SN0049,2026-05-24,2,828.49,2,1
SN0049,2026-05-25,16,696.7,3,1
SN0049,2026-05-26,16,728.37,4,1
SN0049,2026-05-27,5,440.57,0,1
SN0049,2026-05-28,19,382.25,2,1
SN0049,2026-05-29,12,990.33,2,1
SN0049,2026-05-30,8,603.53,0,1
SN0050,2026-05-01,17,120.39,0,1
SN0050,2026-05-02,8,181.18,2,1
SN0050,2026-05-03,14,419.85,3,1
SN0050,2026-05-04,1,170.94,0,1
SN0050,2026-05-05,9,897.96,0,1
SN0050,2026-05-06,13,393.1,0,1
SN0050,2026-05-07,13,159.62,1,1
SN0050,2026-05-08,9,233.81,2,1
SN0050,2026-05-09,12,304.6,0,1
SN0050,2026-05-10,1,926.46,1,1
SN0050,2026-05-11,17,50.62,2,1
SN0050,2026-05-12,15,573.95,1,1
SN0050,2026-05-13,2,28.65,1,1
SN0050,2026-05-14,15,11.3,3,1
SN0050,2026-05-15,10,306.43,1,1
SN0050,2026-05-16,11,364.11,3,1
SN0050,2026-05-17,6,6.26,1,1
SN0050,2026-05-18,14,271.49,3,1
SN0050,2026-05-19,11,410.5,2,1
SN0050,2026-05-20,16,221.78,0,1
SN0050,2026-05-21,3,817.31,4,1
SN0050,2026-05-22,15,193.25,4,1
SN0050,2026-05-23,14,870.69,1,1
SN0050,2026-05-24,6,51.29,3,1
SN0050,2026-05-25,4,727.53,3,1
SN0050,2026-05-26,14,529.94,2,1
SN0050,2026-05-27,12,572.0,4,1
SN0050,2026-05-28,19,547.41,0,1
SN0050,2026-05-29,5,346.56,1,1
SN0050,2026-05-30,15,171.29,3,1
SN0051,2026-05-01,12,337.53,1,1
SN0051,2026-05-02,12,246.52,4,1
SN0051,2026-05-03,3,886.09,3,1
SN0051,2026-05-04,14,297.29,2,1
SN0051,2026-05-05,18,648.11,3,1
SN0051,2026-05-06,14,790.52,3,1
SN0051,2026-05-07,8,545.58,1,1
SN0051,2026-05-08,17,45.29,2,1
SN0051,2026-05-09,4,82.02,3,1
SN0051,2026-05-10,11,81.23,1,1
SN0051,2026-05-11,8,156.2,3,1
SN0051,2026-05-12,18,169.06,2,1
SN0051,2026-05-13,18,985.17,1,1
SN0051,2026-05-14,19,446.44,1,1
SN0051,2026-05-15,16,500.71,4,1
SN0051,2026-05-16,10,278.94,2,1
SN0051,2026-05-17,3,603.19,1,1
SN0051,2026-05-18,11,40.14,0,1
SN0051,2026-05-19,10,991.96,0,1
SN0051,2026-05-20,14,210.32,1,1
SN0051,2026-05-21,6,253.03,3,1
SN0051,2026-05-22,11,61.01,2,1
SN0051,2026-05-23,7,93.27,2,1
SN0051,2026-05-24,12,135.08,2,1
SN0051,2026-05-25,9,889.58,1,1
SN0051,2026-05-26,16,682.53,3,1
SN0051,2026-05-27,19,275.92,0,1
SN0051,2026-05-28,9,692.35,0,1
SN0051,2026-05-29,12,661.14,1,1
SN0051,2026-05-30,14,59.94,4,1
SN0052,2026-05-01,19,701.38,2,1
SN0052,2026-05-02,8,996.91,1,1
SN0052,2026-05-03,1,411.37,0,1
SN0052,2026-05-04,11,27.84,1,1
SN0052,2026-05-05,1,842.02,3,1
SN0052,2026-05-06,1,426.4,3,1
SN0052,2026-05-07,3,174.65,2,1
SN0052,2026-05-08,1,663.82,1,1
SN0052,2026-05-09,14,890.38,3,1
SN0052,2026-05-10,19,563.92,4,1
SN0052,2026-05-11,9,546.7,4,1
SN0052,2026-05-12,17,127.49,1,1
SN0052,2026-05-13,11,150.69,3,1
SN0052,2026-05-14,12,293.35,4,1
SN0052,2026-05-15,3,605.48,0,1
SN0052,2026-05-16,12,679.63,1,1
SN0052,2026-05-17,5,295.82,4,1
SN0052,2026-05-18,15,217.89,3,1
SN0052,2026-05-19,7,127.77,3,1
SN0052,2026-05-20,15,902.71,4,1
SN0052,2026-05-21,6,126.27,3,1
SN0052,2026-05-22,16,831.52,3,1
SN0052,2026-05-23,1,318.26,2,1
SN0052,2026-05-24,19,644.9,2,1
SN0052,2026-05-25,13,118.22,0,1
SN0052,2026-05-26,2,356.6,2,1
SN0052,2026-05-27,13,12.9,4,1
SN0052,2026-05-28,19,565.74,0,1
SN0052,2026-05-29,5,812.26,1,1
SN0052,2026-05-30,12,988.84,2,1
SN0053,2026-05-01,7,94.97,3,1
SN0053,2026-05-02,11,96.64,2,1
SN0053,2026-05-03,6,987.34,2,1
SN0053,2026-05-04,15,995.57,2,1
SN0053,2026-05-05,0,320.03,4,1
SN0053,2026-05-06,14,318.3,1,1
SN0053,2026-05-07,19,682.19,4,1
SN0053,2026-05-08,15,133.21,2,1
SN0053,2026-05-09,2,666.62,3,1
SN0053,2026-05-10,11,572.64,3,1
SN0053,2026-05-11,8,804.1,2,1
SN0053,2026-05-12,18,730.25,4,1
SN0053,2026-05-13,10,186.64,3,1
SN0053,2026-05-14,19,492.05,4,1
SN0053,2026-05-15,10,196.25,3,1
SN0053,2026-05-16,7,963.48,2,1
SN0053,2026-05-17,10,277.85,0,1
SN0053,2026-05-18,19,651.9,2,1
SN0053,2026-05-19,11,474.16,2,1
SN0053,2026-05-20,9,820.07,1,1
SN0053,2026-05-21,10,271.79,3,1
SN0053,2026-05-22,5,652.95,3,1
SN0053,2026-05-23,0,977.03,2,1
SN0053,2026-05-24,19,730.22,2,1
SN0053,2026-05-25,6,466.18,0,1
SN0053,2026-05-26,11,701.74,3,1
SN0053,2026-05-27,10,941.58,4,1
SN0053,2026-05-28,13,732.39,0,1
SN0053,2026-05-29,12,766.53,0,1
SN0053,2026-05-30,19,675.66,2,1
SN0054,2026-05-01,16,676.11,1,1
SN0054,2026-05-02,10,370.02,0,1
SN0054,2026-05-03,12,120.45,3,1
SN0054,2026-05-04,10,969.32,1,1
SN0054,2026-05-05,18,76.72,2,1
SN0054,2026-05-06,16,106.34,3,1
SN0054,2026-05-07,12,115.15,0,1
SN0054,2026-05-08,18,0.19,2,1
SN0054,2026-05-09,14,616.43,3,1
SN0054,2026-05-10,5,455.38,0,1
SN0054,2026-05-11,9,730.49,0,1
SN0054,2026-05-12,17,197.64,1,1
SN0054,2026-05-13,9,262.47,4,1
SN0054,2026-05-14,17,401.46,3,1
SN0054,2026-05-15,0,126.82,4,1
SN0054,2026-05-16,1,38.09,3,1
SN0054,2026-05-17,10,698.2,3,1
SN0054,2026-05-18,0,41.96,1,1
SN0054,2026-05-19,8,98.59,4,1
SN0054,2026-05-20,18,295.47,3,1
SN0054,2026-05-21,10,565.85,0,1
SN0054,2026-05-22,17,172.09,4,1
SN0054,2026-05-23,15,558.35,2,1
SN0054,2026-05-24,3,614.4,1,1
SN0054,2026-05-25,15,586.62,3,1
SN0054,2026-05-26,10,791.41,3,1
SN0054,2026-05-27,3,783.47,4,1
SN0054,2026-05-28,6,678.49,1,1
SN0054,2026-05-29,12,394.14,3,1
SN0054,2026-05-30,7,801.68,2,1
SN0055,2026-05-01,4,422.66,4,1
SN0055,2026-05-02,9,481.28,4,1
SN0055,2026-05-03,11,950.53,2,1
SN0055,2026-05-04,6,982.52,4,1
SN0055,2026-05-05,11,814.39,0,1
SN0055,2026-05-06,10,132.18,1,1
SN0055,2026-05-07,19,24.11,3,1
SN0055,2026-05-08,17,599.46,2,1
SN0055,2026-05-09,17,383.22,4,1
SN0055,2026-05-10,0,835.37,1,1
SN0055,2026-05-11,10,826.34,1,1
SN0055,2026-05-12,3,353.1,4,1
SN0055,2026-05-13,1,825.93,1,1
SN0055,2026-05-14,15,866.29,3,1
SN0055,2026-05-15,18,625.65,0,1
SN0055,2026-05-16,12,819.61,4,1
SN0055,2026-05-17,4,763.69,2,1
SN0055,2026-05-18,9,543.0,1,1
SN0055,2026-05-19,14,625.33,2,1
SN0055,2026-05-20,14,142.96,1,1
SN0055,2026-05-21,14,598.01,3,1
SN0055,2026-05-22,14,854.81,4,1
SN0055,2026-05-23,18,883.56,1,1
SN0055,2026-05-24,19,474.43,2,1
SN0055,2026-05-25,2,71.16,4,1
SN0055,2026-05-26,2,878.03,3,1
SN0055,2026-05-27,13,959.79,0,1
SN0055,2026-05-28,6,98.01,1,1
SN0055,2026-05-29,8,902.76,0,1
SN0055,2026-05-30,4,451.19,1,1
SN0056,2026-05-01,10,589.21,0,1
SN0056,2026-05-02,17,169.89,0,1
SN0056,2026-05-03,13,518.56,0,1
SN0056,2026-05-04,3,358.14,2,1
SN0056,2026-05-05,5,684.31,2,1
SN0056,2026-05-06,17,928.05,2,1
SN0056,2026-05-07,13,285.9,2,1
SN0056,2026-05-08,18,331.15,0,1
SN0056,2026-05-09,7,652.97,3,1
SN0056,2026-05-10,0,22.22,0,1
SN0056,2026-05-11,1,41.43,1,1
SN0056,2026-05-12,7,549.86,4,1
SN0056,2026-05-13,12,169.5,3,1
SN0056,2026-05-14,17,797.51,1,1
SN0056,2026-05-15,9,546.93,1,1
SN0056,2026-05-16,14,922.43,4,1
SN0056,2026-05-17,17,627.75,2,1
SN0056,2026-05-18,18,992.51,4,1
SN0056,2026-05-19,13,961.62,4,1
SN0056,2026-05-20,11,489.87,0,1
SN0056,2026-05-21,18,739.68,2,1
SN0056,2026-05-22,17,810.47,3,1
SN0056,2026-05-23,0,832.61,2,1
SN0056,2026-05-24,19,866.42,0,1
SN0056,2026-05-25,4,692.05,1,1
SN0056,2026-05-26,2,459.64,4,1
SN0056,2026-05-27,15,632.8,2,1
SN0056,2026-05-28,12,133.01,3,1
SN0056,2026-05-29,7,127.57,0,1
SN0056,2026-05-30,0,354.38,2,1
SN0057,2026-05-01,10,700.73,4,1
SN0057,2026-05-02,10,349.85,0,1
SN0057,2026-05-03,6,553.47,4,1
SN0057,2026-05-04,11,210.11,2,1
SN0057,2026-05-05,14,25.2,1,1
SN0057,2026-05-06,6,780.21,3,1
SN0057,2026-05-07,5,330.56,4,1
SN0057,2026-05-08,12,412.4,4,1
SN0057,2026-05-09,7,610.11,4,1
SN0057,2026-05-10,16,133.18,4,1
SN0057,2026-05-11,16,694.02,1,1
SN0057,2026-05-12,17,415.51,2,1
SN0057,2026-05-13,5,91.31,2,1
SN0057,2026-05-14,13,104.68,2,1
SN0057,2026-05-15,2,60.9,2,1
SN0057,2026-05-16,17,714.41,3,1
SN0057,2026-05-17,12,253.61,0,1
SN0057,2026-05-18,3,275.54,0,1
SN0057,2026-05-19,10,588.09,1,1
SN0057,2026-05-20,18,808.39,0,1
SN0057,2026-05-21,15,295.75,0,1
SN0057,2026-05-22,0,327.42,0,1
SN0057,2026-05-23,1,181.17,1,1
SN0057,2026-05-24,1,436.0,4,1
SN0057,2026-05-25,5,589.65,0,1
SN0057,2026-05-26,15,177.33,1,1
SN0057,2026-05-27,9,518.08,3,1
SN0057,2026-05-28,17,283.28,3,1
SN0057,2026-05-29,8,604.84,3,1
SN0057,2026-05-30,7,668.88,0,1
SN0058,2026-05-01,3,266.0,2,1
SN0058,2026-05-02,19,707.02,4,1
SN0058,2026-05-03,19,807.72,1,1
SN0058,2026-05-04,12,18.95,4,1
SN0058,2026-05-05,9,208.4,0,1
SN0058,2026-05-06,7,638.49,0,1
SN0058,2026-05-07,10,220.65,4,1
SN0058,2026-05-08,9,859.11,4,1
SN0058,2026-05-09,11,356.57,3,1
SN0058,2026-05-10,8,760.01,1,1
SN0058,2026-05-11,6,976.56,4,1
SN0058,2026-05-12,13,373.95,4,1
SN0058,2026-05-13,17,328.56,0,1
SN0058,2026-05-14,12,671.71,4,1
SN0058,2026-05-15,6,632.02,2,1
SN0058,2026-05-16,2,427.47,3,1
SN0058,2026-05-17,4,232.22,2,1
SN0058,2026-05-18,18,523.41,0,1
SN0058,2026-05-19,3,795.06,3,1
SN0058,2026-05-20,2,846.12,0,1
SN0058,2026-05-21,18,956.29,2,1
SN0058,2026-05-22,16,62.43,2,1
SN0058,2026-05-23,7,82.41,3,1
SN0058,2026-05-24,18,875.49,4,1
SN0058,2026-05-25,12,871.32,1,1
SN0058,2026-05-26,1,273.7,1,1
SN0058,2026-05-27,5,682.54,0,1
SN0058,2026-05-28,16,669.36,2,1
SN0058,2026-05-29,18,306.05,3,1
SN0058,2026-05-30,2,177.13,4,1
SN0059,2026-05-01,13,445.41,4,1
SN0059,2026-05-02,6,751.83,2,1
SN0059,2026-05-03,19,289.44,2,1
SN0059,2026-05-04,6,131.69,0,1
SN0059,2026-05-05,7,677.72,3,1
SN0059,2026-05-06,2,873.04,4,1
SN0059,2026-05-07,7,859.68,0,1
SN0059,2026-05-08,15,849.1,3,1
SN0059,2026-05-09,8,820.55,1,1
SN0059,2026-05-10,0,189.2,3,1
SN0059,2026-05-11,4,511.11,0,1
SN0059,2026-05-12,2,793.06,2,1
SN0059,2026-05-13,19,933.87,2,1
SN0059,2026-05-14,19,468.79,4,1
SN0059,2026-05-15,16,304.24,3,1
SN0059,2026-05-16,17,407.78,1,1
SN0059,2026-05-17,14,70.92,2,1
SN0059,2026-05-18,14,862.5,2,1
SN0059,2026-05-19,14,863.48,1,1
SN0059,2026-05-20,7,393.12,3,1
SN0059,2026-05-21,16,221.52,1,1
SN0059,2026-05-22,14,357.19,0,1
SN0059,2026-05-23,1,167.46,4,1
SN0059,2026-05-24,5,63.13,2,1
SN0059,2026-05-25,1,73.36,0,1
SN0059,2026-05-26,19,422.19,4,1
SN0059,2026-05-27,2,895.06,1,1
SN0059,2026-05-28,16,137.36,1,1
SN0059,2026-05-29,1,930.82,1,1
SN0059,2026-05-30,5,311.57,0,1
SN0060,2026-05-01,4,259.6,2,1
SN0060,2026-05-02,8,570.76,0,1
SN0060,2026-05-03,4,862.08,1,1
SN0060,2026-05-04,8,553.82,1,1
SN0060,2026-05-05,5,732.86,0,1
SN0060,2026-05-06,17,722.78,0,1
SN0060,2026-05-07,0,119.14,3,1
SN0060,2026-05-08,17,73.0,2,1
SN0060,2026-05-09,0,718.72,0,1
SN0060,2026-05-10,3,917.84,1,1
SN0060,2026-05-11,17,189.88,0,1
SN0060,2026-05-12,12,81.16,4,1
SN0060,2026-05-13,16,444.18,4,1
SN0060,2026-05-14,9,877.45,1,1
SN0060,2026-05-15,18,31.72,1,1
SN0060,2026-05-16,3,988.84,1,1
SN0060,2026-05-17,9,562.43,1,1
SN0060,2026-05-18,0,886.5,0,1
SN0060,2026-05-19,19,862.92,4,1
SN0060,2026-05-20,13,858.76,3,1
SN0060,2026-05-21,9,234.75,2,1
SN0060,2026-05-22,5,337.33,2,1
SN0060,2026-05-23,5,991.89,0,1
SN0060,2026-05-24,16,233.57,2,1
SN0060,2026-05-25,2,363.27,4,1
SN0060,2026-05-26,10,905.3,4,1
SN0060,2026-05-27,18,330.16,1,1
SN0060,2026-05-28,0,953.4,1,1
SN0060,2026-05-29,16,314.63,0,1
SN0060,2026-05-30,14,783.16,2,1
SN0061,2026-05-01,18,326.28,1,1
SN0061,2026-05-02,2,760.89,0,1
SN0061,2026-05-03,19,864.65,4,1
SN0061,2026-05-04,0,955.45,2,1
SN0061,2026-05-05,15,168.81,4,1
SN0061,2026-05-06,7,212.29,3,1
SN0061,2026-05-07,0,836.42,2,1
SN0061,2026-05-08,16,819.62,3,1
SN0061,2026-05-09,6,503.71,1,1
SN0061,2026-05-10,13,952.52,2,1
SN0061,2026-05-11,1,167.57,4,1
SN0061,2026-05-12,16,503.35,0,1
SN0061,2026-05-13,19,663.36,4,1
SN0061,2026-05-14,5,793.13,4,1
SN0061,2026-05-15,0,39.81,1,1
SN0061,2026-05-16,12,955.65,3,1
SN0061,2026-05-17,0,43.1,4,1
SN0061,2026-05-18,4,141.2,1,1
SN0061,2026-05-19,0,508.14,4,1
SN0061,2026-05-20,2,627.67,4,1
SN0061,2026-05-21,1,450.28,0,1
SN0061,2026-05-22,6,887.47,1,1
SN0061,2026-05-23,10,69.04,0,1
SN0061,2026-05-24,13,671.41,1,1
SN0061,2026-05-25,6,824.81,3,1
SN0061,2026-05-26,16,426.0,2,1
SN0061,2026-05-27,14,299.9,3,1
SN0061,2026-05-28,15,696.08,2,1
SN0061,2026-05-29,16,193.16,2,1
SN0061,2026-05-30,17,472.52,3,1
SN0062,2026-05-01,17,883.68,0,1
SN0062,2026-05-02,0,853.65,0,1
SN0062,2026-05-03,4,360.39,4,1
SN0062,2026-05-04,5,202.15,0,1
SN0062,2026-05-05,16,231.6,0,1
SN0062,2026-05-06,1,397.27,3,1
SN0062,2026-05-07,8,342.84,0,1
SN0062,2026-05-08,17,965.83,1,1
SN0062,2026-05-09,10,240.22,1,1
SN0062,2026-05-10,9,534.56,1,1
SN0062,2026-05-11,9,166.23,4,1
SN0062,2026-05-12,12,327.84,0,1
SN0062,2026-05-13,13,759.82,3,1
SN0062,2026-05-14,17,502.01,2,1
SN0062,2026-05-15,11,49.61,2,1
SN0062,2026-05-16,14,216.58,2,1
SN0062,2026-05-17,19,487.38,1,1
SN0062,2026-05-18,13,961.55,1,1
SN0062,2026-05-19,2,351.65,1,1
SN0062,2026-05-20,18,568.96,0,1
SN0062,2026-05-21,11,811.81,2,1
SN0062,2026-05-22,10,796.3,1,1
SN0062,2026-05-23,2,985.77,3,1
SN0062,2026-05-24,6,339.22,3,1
SN0062,2026-05-25,15,41.07,0,1
SN0062,2026-05-26,16,20.02,1,1
SN0062,2026-05-27,7,748.96,3,1
SN0062,2026-05-28,5,634.74,0,1
SN0062,2026-05-29,13,545.7,1,1
SN0062,2026-05-30,13,291.91,1,1
SN0063,2026-05-01,12,380.48,2,1
SN0063,2026-05-02,19,531.36,1,1
SN0063,2026-05-03,10,613.15,3,1
SN0063,2026-05-04,16,897.96,3,1
SN0063,2026-05-05,0,707.28,1,1
SN0063,2026-05-06,11,123.45,3,1
SN0063,2026-05-07,15,0.94,1,1
SN0063,2026-05-08,9,977.28,4,1
SN0063,2026-05-09,16,839.1,3,1
SN0063,2026-05-10,1,153.14,2,1
SN0063,2026-05-11,13,600.25,3,1
SN0063,2026-05-12,7,769.75,3,1
SN0063,2026-05-13,13,573.56,1,1
SN0063,2026-05-14,11,648.46,4,1
SN0063,2026-05-15,3,119.38,3,1
SN0063,2026-05-16,19,815.75,4,1
SN0063,2026-05-17,18,191.74,2,1
SN0063,2026-05-18,5,206.99,4,1
SN0063,2026-05-19,10,84.26,2,1
SN0063,2026-05-20,4,181.82,2,1
SN0063,2026-05-21,4,706.6,4,1
SN0063,2026-05-22,8,635.32,4,1
SN0063,2026-05-23,5,211.75,4,1
SN0063,2026-05-24,7,322.07,2,1
SN0063,2026-05-25,5,857.93,4,1
SN0063,2026-05-26,2,306.27,1,1
SN0063,2026-05-27,11,192.87,1,1
SN0063,2026-05-28,8,821.64,0,1
SN0063,2026-05-29,16,791.89,2,1
SN0063,2026-05-30,0,564.42,3,1
SN0064,2026-05-01,9,166.26,1,1
SN0064,2026-05-02,3,582.69,2,1
SN0064,2026-05-03,1,121.41,1,1
SN0064,2026-05-04,1,183.78,4,1
SN0064,2026-05-05,18,487.21,0,1
SN0064,2026-05-06,11,489.79,1,1
SN0064,2026-05-07,10,136.37,3,1
SN0064,2026-05-08,9,813.15,3,1
SN0064,2026-05-09,9,436.25,1,1
SN0064,2026-05-10,11,347.0,3,1
SN0064,2026-05-11,6,287.88,1,1
SN0064,2026-05-12,5,836.42,4,1
SN0064,2026-05-13,11,316.0,1,1
SN0064,2026-05-14,5,552.81,1,1
SN0064,2026-05-15,5,485.02,1,1
SN0064,2026-05-16,7,337.27,4,1
SN0064,2026-05-17,6,483.5,2,1
SN0064,2026-05-18,17,74.9,0,1
SN0064,2026-05-19,19,837.47,1,1
SN0064,2026-05-20,9,504.91,3,1
SN0064,2026-05-21,9,61.95,1,1
SN0064,2026-05-22,10,791.94,0,1
SN0064,2026-05-23,19,424.95,4,1
SN0064,2026-05-24,6,437.9,4,1
SN0064,2026-05-25,1,262.41,0,1
SN0064,2026-05-26,4,39.92,2,1
SN0064,2026-05-27,18,577.61,1,1
SN0064,2026-05-28,13,350.2,4,1
SN0064,2026-05-29,11,231.36,3,1
SN0064,2026-05-30,16,966.27,1,1
SN0065,2026-05-01,3,516.63,4,1
SN0065,2026-05-02,7,517.21,1,1
SN0065,2026-05-03,18,685.17,2,1
SN0065,2026-05-04,15,318.04,1,1
SN0065,2026-05-05,7,171.91,4,1
SN0065,2026-05-06,12,317.39,2,1
SN0065,2026-05-07,7,559.22,1,1
SN0065,2026-05-08,11,906.23,3,1
SN0065,2026-05-09,17,376.99,3,1
SN0065,2026-05-10,1,10.55,1,1
SN0065,2026-05-11,11,126.12,3,1
SN0065,2026-05-12,8,406.42,4,1
SN0065,2026-05-13,12,648.68,1,1
SN0065,2026-05-14,19,623.51,4,1
SN0065,2026-05-15,13,309.69,1,1
SN0065,2026-05-16,6,760.4,2,1
SN0065,2026-05-17,14,184.04,4,1
SN0065,2026-05-18,5,474.16,2,1
SN0065,2026-05-19,11,616.62,4,1
SN0065,2026-05-20,15,252.53,0,1
SN0065,2026-05-21,6,209.1,2,1
SN0065,2026-05-22,15,341.87,3,1
SN0065,2026-05-23,7,565.42,4,1
SN0065,2026-05-24,9,34.43,3,1
SN0065,2026-05-25,4,301.81,0,1
SN0065,2026-05-26,8,538.36,3,1
SN0065,2026-05-27,2,133.7,1,1
SN0065,2026-05-28,12,445.27,4,1
SN0065,2026-05-29,15,813.06,2,1
SN0065,2026-05-30,9,428.64,4,1
SN0066,2026-05-01,0,215.16,0,1
SN0066,2026-05-02,7,923.66,2,1
SN0066,2026-05-03,9,32.45,4,1
SN0066,2026-05-04,18,242.26,1,1
SN0066,2026-05-05,11,954.55,1,1
SN0066,2026-05-06,15,717.68,0,1
SN0066,2026-05-07,11,239.01,4,1
SN0066,2026-05-08,2,640.38,4,1
SN0066,2026-05-09,17,740.87,0,1
SN0066,2026-05-10,1,756.19,3,1
SN0066,2026-05-11,8,133.34,1,1
SN0066,2026-05-12,14,291.69,3,1
SN0066,2026-05-13,19,299.93,1,1
SN0066,2026-05-14,0,168.02,1,1
SN0066,2026-05-15,16,399.98,2,1
SN0066,2026-05-16,2,577.22,1,1
SN0066,2026-05-17,16,338.94,3,1
SN0066,2026-05-18,16,282.31,3,1
SN0066,2026-05-19,6,256.41,0,1
SN0066,2026-05-20,7,661.34,2,1
SN0066,2026-05-21,10,501.95,0,1
SN0066,2026-05-22,15,536.16,4,1
SN0066,2026-05-23,14,443.56,3,1
SN0066,2026-05-24,3,756.93,0,1
SN0066,2026-05-25,17,862.96,3,1
SN0066,2026-05-26,16,111.15,4,1
SN0066,2026-05-27,3,877.75,1,1
SN0066,2026-05-28,19,54.61,3,1
SN0066,2026-05-29,15,512.62,0,1
SN0066,2026-05-30,17,839.45,2,1
SN0067,2026-05-01,12,192.68,3,1
SN0067,2026-05-02,3,715.38,2,1
SN0067,2026-05-03,12,201.41,0,1
SN0067,2026-05-04,11,75.3,2,1
SN0067,2026-05-05,1,820.54,1,1
SN0067,2026-05-06,9,329.23,4,1
SN0067,2026-05-07,9,254.75,2,1
SN0067,2026-05-08,18,521.55,0,1
SN0067,2026-05-09,16,281.83,4,1
SN0067,2026-05-10,16,21.85,4,1
SN0067,2026-05-11,19,605.9,2,1
SN0067,2026-05-12,18,783.5,0,1
SN0067,2026-05-13,12,761.89,0,1
SN0067,2026-05-14,10,535.54,1,1
SN0067,2026-05-15,11,389.21,0,1
SN0067,2026-05-16,0,785.19,2,1
SN0067,2026-05-17,15,962.06,3,1
SN0067,2026-05-18,19,547.3,0,1
SN0067,2026-05-19,4,142.81,1,1
SN0067,2026-05-20,14,282.55,4,1
SN0067,2026-05-21,18,404.97,0,1
SN0067,2026-05-22,12,54.97,4,1
SN0067,2026-05-23,2,82.57,2,1
SN0067,2026-05-24,12,510.46,3,1
SN0067,2026-05-25,19,115.36,1,1
SN0067,2026-05-26,15,944.71,2,1
SN0067,2026-05-27,12,347.19,0,1
SN0067,2026-05-28,16,625.22,2,1
SN0067,2026-05-29,18,679.7,1,1
SN0067,2026-05-30,9,942.37,0,1
SN0068,2026-05-01,16,24.04,1,1
SN0068,2026-05-02,3,748.7,4,1
SN0068,2026-05-03,6,867.18,2,1
SN0068,2026-05-04,6,533.32,3,1
SN0068,2026-05-05,7,169.16,0,1
SN0068,2026-05-06,4,57.74,3,1
SN0068,2026-05-07,8,271.66,4,1
SN0068,2026-05-08,17,90.56,2,1
SN0068,2026-05-09,11,133.33,2,1
SN0068,2026-05-10,2,13.66,0,1
SN0068,2026-05-11,14,28.94,0,1
SN0068,2026-05-12,14,32.39,3,1
SN0068,2026-05-13,2,576.49,2,1
SN0068,2026-05-14,12,809.98,0,1
SN0068,2026-05-15,16,750.6,1,1
SN0068,2026-05-16,14,143.54,3,1
SN0068,2026-05-17,17,844.8,2,1
SN0068,2026-05-18,17,654.35,0,1
SN0068,2026-05-19,17,867.98,1,1
SN0068,2026-05-20,6,388.77,3,1
SN0068,2026-05-21,5,262.49,0,1
SN0068,2026-05-22,8,244.0,2,1
SN0068,2026-05-23,2,550.35,3,1
SN0068,2026-05-24,3,837.45,0,1
SN0068,2026-05-25,11,160.63,3,1
SN0068,2026-05-26,5,106.41,0,1
SN0068,2026-05-27,0,747.3,3,1
SN0068,2026-05-28,9,320.73,1,1
SN0068,2026-05-29,9,309.47,3,1
SN0068,2026-05-30,6,411.11,1,1
SN0069,2026-05-01,14,576.54,1,1
SN0069,2026-05-02,16,241.6,0,1
SN0069,2026-05-03,18,607.32,1,1
SN0069,2026-05-04,5,492.09,4,1
SN0069,2026-05-05,18,210.97,3,1
SN0069,2026-05-06,14,30.35,1,1
SN0069,2026-05-07,4,460.33,2,1
SN0069,2026-05-08,2,133.78,1,1
SN0069,2026-05-09,18,72.67,3,1
SN0069,2026-05-10,15,220.09,4,1
SN0069,2026-05-11,1,125.64,0,1
SN0069,2026-05-12,19,213.54,4,1
SN0069,2026-05-13,9,7.39,4,1
SN0069,2026-05-14,18,139.32,3,1
SN0069,2026-05-15,2,800.14,0,1
SN0069,2026-05-16,4,68.04,2,1
SN0069,2026-05-17,11,432.23,4,1
SN0069,2026-05-18,3,746.6,4,1
SN0069,2026-05-19,5,687.23,0,1
SN0069,2026-05-20,2,635.63,1,1
SN0069,2026-05-21,12,409.18,3,1
SN0069,2026-05-22,10,866.23,2,1
SN0069,2026-05-23,2,293.92,1,1
SN0069,2026-05-24,11,727.02,3,1
SN0069,2026-05-25,6,987.37,0,1
SN0069,2026-05-26,12,609.68,1,1
SN0069,2026-05-27,0,396.79,4,1
SN0069,2026-05-28,2,474.43,4,1
SN0069,2026-05-29,10,722.22,4,1
SN0069,2026-05-30,9,631.72,1,1
SN0070,2026-05-01,2,51.17,2,1
SN0070,2026-05-02,12,492.0,1,1
SN0070,2026-05-03,5,181.76,3,1
SN0070,2026-05-04,1,258.11,0,1
SN0070,2026-05-05,11,133.28,0,1
SN0070,2026-05-06,12,867.7,4,1
SN0070,2026-05-07,13,775.88,1,1
SN0070,2026-05-08,19,113.97,3,1
SN0070,2026-05-09,16,834.32,4,1
SN0070,2026-05-10,16,646.41,1,1
SN0070,2026-05-11,14,251.81,1,1
SN0070,2026-05-12,5,85.27,4,1
SN0070,2026-05-13,18,292.66,1,1
SN0070,2026-05-14,14,133.42,3,1
SN0070,2026-05-15,17,220.33,2,1
SN0070,2026-05-16,1,877.13,4,1
SN0070,2026-05-17,8,267.14,4,1
SN0070,2026-05-18,6,828.19,4,1
SN0070,2026-05-19,12,49.31,1,1
SN0070,2026-05-20,14,260.05,4,1
SN0070,2026-05-21,1,969.49,1,1
SN0070,2026-05-22,15,112.5,0,1
SN0070,2026-05-23,18,436.76,2,1
SN0070,2026-05-24,19,654.22,1,1
SN0070,2026-05-25,10,725.33,4,1
SN0070,2026-05-26,6,974.44,1,1
SN0070,2026-05-27,3,821.84,1,1
SN0070,2026-05-28,0,514.23,2,1
SN0070,2026-05-29,6,767.88,2,1
SN0070,2026-05-30,5,588.37,2,1
SN0071,2026-05-01,1,826.39,3,1
SN0071,2026-05-02,9,55.1,1,1
SN0071,2026-05-03,1,469.02,4,1
SN0071,2026-05-04,9,275.17,3,1
SN0071,2026-05-05,16,338.23,0,1
SN0071,2026-05-06,2,477.87,1,1
SN0071,2026-05-07,12,699.53,3,1
SN0071,2026-05-08,7,343.05,2,1
SN0071,2026-05-09,15,39.8,4,1
SN0071,2026-05-10,2,869.7,4,1
SN0071,2026-05-11,15,459.3,4,1
SN0071,2026-05-12,1,670.77,1,1
SN0071,2026-05-13,5,838.84,2,1
SN0071,2026-05-14,7,243.18,4,1
SN0071,2026-05-15,6,192.49,4,1
SN0071,2026-05-16,7,911.12,4,1
SN0071,2026-05-17,19,514.02,1,1
SN0071,2026-05-18,15,582.53,1,1
SN0071,2026-05-19,9,582.44,3,1
SN0071,2026-05-20,19,189.44,4,1
SN0071,2026-05-21,6,587.8,4,1
SN0071,2026-05-22,15,525.45,4,1
SN0071,2026-05-23,0,541.36,0,1
SN0071,2026-05-24,12,26.61,2,1
SN0071,2026-05-25,16,625.65,3,1
SN0071,2026-05-26,7,741.68,4,1
SN0071,2026-05-27,9,205.88,3,1
SN0071,2026-05-28,8,126.11,1,1
SN0071,2026-05-29,8,858.6,0,1
SN0071,2026-05-30,9,512.84,0,1
SN0072,2026-05-01,2,602.26,1,1
SN0072,2026-05-02,5,776.89,1,1
SN0072,2026-05-03,17,834.46,3,1
SN0072,2026-05-04,4,497.23,3,1
SN0072,2026-05-05,0,19.17,2,1
SN0072,2026-05-06,0,33.01,4,1
SN0072,2026-05-07,8,166.5,2,1
SN0072,2026-05-08,11,48.08,4,1
SN0072,2026-05-09,0,14.65,1,1
SN0072,2026-05-10,2,976.09,3,1
SN0072,2026-05-11,15,208.11,2,1
SN0072,2026-05-12,16,253.38,0,1
SN0072,2026-05-13,1,593.68,1,1
SN0072,2026-05-14,18,911.63,4,1
SN0072,2026-05-15,2,165.42,2,1
SN0072,2026-05-16,17,983.93,0,1
SN0072,2026-05-17,9,55.45,2,1
SN0072,2026-05-18,6,915.29,0,1
SN0072,2026-05-19,0,103.48,1,1
SN0072,2026-05-20,8,613.68,3,1
SN0072,2026-05-21,19,452.88,3,1
SN0072,2026-05-22,12,301.59,2,1
SN0072,2026-05-23,15,818.31,3,1
SN0072,2026-05-24,15,422.94,0,1
SN0072,2026-05-25,4,141.38,2,1
SN0072,2026-05-26,12,197.18,4,1
SN0072,2026-05-27,3,166.85,3,1
SN0072,2026-05-28,19,821.47,1,1
SN0072,2026-05-29,15,655.82,1,1
SN0072,2026-05-30,3,682.67,4,1
SN0073,2026-05-01,16,890.97,2,1
SN0073,2026-05-02,8,424.78,0,1
SN0073,2026-05-03,4,183.42,2,1
SN0073,2026-05-04,0,985.6,1,1
SN0073,2026-05-05,14,887.04,1,1
SN0073,2026-05-06,18,223.61,2,1
SN0073,2026-05-07,4,817.11,3,1
SN0073,2026-05-08,11,489.24,3,1
SN0073,2026-05-09,2,573.43,1,1
SN0073,2026-05-10,9,449.27,2,1
SN0073,2026-05-11,16,952.83,1,1
SN0073,2026-05-12,8,624.11,3,1
SN0073,2026-05-13,3,875.69,0,1
SN0073,2026-05-14,17,721.05,1,1
SN0073,2026-05-15,14,375.32,1,1
SN0073,2026-05-16,17,146.1,3,1
SN0073,2026-05-17,6,235.03,2,1
SN0073,2026-05-18,18,868.55,1,1
SN0073,2026-05-19,5,16.91,1,1
SN0073,2026-05-20,19,819.68,0,1
SN0073,2026-05-21,5,76.8,0,1
SN0073,2026-05-22,19,915.81,3,1
SN0073,2026-05-23,1,795.11,4,1
SN0073,2026-05-24,12,964.35,0,1
SN0073,2026-05-25,2,100.15,3,1
SN0073,2026-05-26,2,203.76,4,1
SN0073,2026-05-27,8,342.23,2,1
SN0073,2026-05-28,13,514.56,2,1
SN0073,2026-05-29,12,906.1,2,1
SN0073,2026-05-30,8,18.53,0,1
SN0074,2026-05-01,11,120.38,3,1
SN0074,2026-05-02,14,928.76,1,1
SN0074,2026-05-03,12,842.95,1,1
SN0074,2026-05-04,9,708.58,2,1
SN0074,2026-05-05,1,637.3,2,1
SN0074,2026-05-06,12,34.4,0,1
SN0074,2026-05-07,5,796.39,1,1
SN0074,2026-05-08,16,886.6,0,1
SN0074,2026-05-09,3,604.3,1,1
SN0074,2026-05-10,17,144.31,3,1
SN0074,2026-05-11,13,643.72,4,1
SN0074,2026-05-12,17,345.26,4,1
SN0074,2026-05-13,7,881.98,0,1
SN0074,2026-05-14,18,851.58,0,1
SN0074,2026-05-15,18,406.77,2,1
SN0074,2026-05-16,7,632.12,2,1
SN0074,2026-05-17,18,518.02,1,1
SN0074,2026-05-18,6,746.42,0,1
SN0074,2026-05-19,18,877.98,0,1
SN0074,2026-05-20,14,982.26,1,1
SN0074,2026-05-21,11,351.72,1,1
SN0074,2026-05-22,4,578.22,4,1
SN0074,2026-05-23,14,867.01,0,1
SN0074,2026-05-24,10,448.09,2,1
SN0074,2026-05-25,17,204.26,1,1
SN0074,2026-05-26,15,702.08,0,1
SN0074,2026-05-27,15,485.89,1,1
SN0074,2026-05-28,16,868.96,1,1
SN0074,2026-05-29,5,0.75,1,1
SN0074,2026-05-30,8,492.37,1,1
SN0075,2026-05-01,16,463.94,4,1
SN0075,2026-05-02,5,831.72,1,1
SN0075,2026-05-03,6,934.89,2,1
SN0075,2026-05-04,15,375.82,1,1
SN0075,2026-05-05,12,458.71,1,1
SN0075,2026-05-06,8,164.57,1,1
SN0075,2026-05-07,12,933.58,1,1
SN0075,2026-05-08,1,125.23,2,1
SN0075,2026-05-09,9,984.58,0,1
SN0075,2026-05-10,18,109.48,0,1
SN0075,2026-05-11,19,962.21,2,1
SN0075,2026-05-12,10,289.44,3,1
SN0075,2026-05-13,4,972.84,3,1
SN0075,2026-05-14,17,100.46,0,1
SN0075,2026-05-15,1,24.67,2,1
SN0075,2026-05-16,3,995.99,1,1
SN0075,2026-05-17,13,845.64,3,1
SN0075,2026-05-18,9,925.06,1,1
SN0075,2026-05-19,16,965.61,2,1
SN0075,2026-05-20,1,268.86,1,1
SN0075,2026-05-21,5,858.14,1,1
SN0075,2026-05-22,2,650.11,0,1
SN0075,2026-05-23,15,44.86,2,1
SN0075,2026-05-24,17,368.73,4,1
SN0075,2026-05-25,0,400.36,1,1
SN0075,2026-05-26,5,520.23,3,1
SN0075,2026-05-27,3,80.67,0,1
SN0075,2026-05-28,7,341.47,2,1
SN0075,2026-05-29,11,813.71,1,1
SN0075,2026-05-30,13,805.12,4,1
SN0076,2026-05-01,8,940.88,4,1
SN0076,2026-05-02,2,567.44,1,1
SN0076,2026-05-03,0,273.54,4,1
SN0076,2026-05-04,18,960.37,2,1
SN0076,2026-05-05,1,701.36,2,1
SN0076,2026-05-06,2,49.51,4,1
SN0076,2026-05-07,4,953.32,4,1
SN0076,2026-05-08,19,498.97,3,1
SN0076,2026-05-09,17,125.58,0,1
SN0076,2026-05-10,5,323.44,2,1
SN0076,2026-05-11,0,536.53,4,1
SN0076,2026-05-12,12,213.04,0,1
SN0076,2026-05-13,18,643.06,4,1
SN0076,2026-05-14,1,626.83,4,1
SN0076,2026-05-15,14,119.45,3,1
SN0076,2026-05-16,19,501.87,0,1
SN0076,2026-05-17,7,520.88,3,1
SN0076,2026-05-18,15,89.47,3,1
SN0076,2026-05-19,12,853.28,0,1
SN0076,2026-05-20,13,917.54,3,1
SN0076,2026-05-21,8,101.89,1,1
SN0076,2026-05-22,12,960.83,1,1
SN0076,2026-05-23,14,233.69,4,1
SN0076,2026-05-24,15,713.66,1,1
SN0076,2026-05-25,16,385.11,3,1
SN0076,2026-05-26,4,127.11,2,1
SN0076,2026-05-27,17,453.27,4,1
SN0076,2026-05-28,13,581.32,0,1
SN0076,2026-05-29,16,474.54,2,1
SN0076,2026-05-30,16,358.73,4,1
SN0077,2026-05-01,19,584.4,4,1
SN0077,2026-05-02,6,340.97,1,1
SN0077,2026-05-03,13,55.43,1,1
SN0077,2026-05-04,8,333.3,4,1
SN0077,2026-05-05,16,917.77,2,1
SN0077,2026-05-06,4,527.76,0,1
SN0077,2026-05-07,3,978.33,4,1
SN0077,2026-05-08,10,305.1,1,1
SN0077,2026-05-09,16,35.16,2,1
SN0077,2026-05-10,15,551.71,3,1
SN0077,2026-05-11,2,447.3,1,1
SN0077,2026-05-12,10,377.35,0,1
SN0077,2026-05-13,8,497.52,2,1
SN0077,2026-05-14,19,731.01,0,1
SN0077,2026-05-15,5,418.93,0,1
SN0077,2026-05-16,0,945.31,4,1
SN0077,2026-05-17,1,583.43,4,1
SN0077,2026-05-18,13,683.33,1,1
SN0077,2026-05-19,9,267.53,3,1
SN0077,2026-05-20,15,123.69,2,1
SN0077,2026-05-21,19,544.82,1,1
SN0077,2026-05-22,4,702.4,3,1
SN0077,2026-05-23,2,989.13,3,1
SN0077,2026-05-24,9,528.07,4,1
SN0077,2026-05-25,2,383.39,2,1
SN0077,2026-05-26,16,786.72,3,1
SN0077,2026-05-27,18,151.26,2,1
SN0077,2026-05-28,4,200.71,4,1
SN0077,2026-05-29,17,195.0,3,1
SN0077,2026-05-30,1,620.56,3,1
SN0078,2026-05-01,3,699.38,2,1
SN0078,2026-05-02,18,466.37,1,1
SN0078,2026-05-03,7,875.93,4,1
SN0078,2026-05-04,17,168.12,1,1
SN0078,2026-05-05,13,487.37,2,1
SN0078,2026-05-06,8,946.19,3,1
SN0078,2026-05-07,11,173.4,3,1
SN0078,2026-05-08,10,32.47,4,1
SN0078,2026-05-09,9,723.33,2,1
SN0078,2026-05-10,15,836.08,3,1
SN0078,2026-05-11,19,301.18,1,1
SN0078,2026-05-12,12,888.75,3,1
SN0078,2026-05-13,13,450.06,0,1
SN0078,2026-05-14,18,566.52,4,1
SN0078,2026-05-15,17,52.83,2,1
SN0078,2026-05-16,16,54.51,2,1
SN0078,2026-05-17,1,885.56,2,1
SN0078,2026-05-18,11,170.81,4,1
SN0078,2026-05-19,1,318.82,4,1
SN0078,2026-05-20,16,499.11,3,1
SN0078,2026-05-21,13,21.98,0,1
SN0078,2026-05-22,13,360.1,2,1
SN0078,2026-05-23,17,92.52,1,1
SN0078,2026-05-24,7,937.48,2,1
SN0078,2026-05-25,0,920.63,3,1
SN0078,2026-05-26,10,72.52,3,1
SN0078,2026-05-27,6,402.53,1,1
SN0078,2026-05-28,10,650.26,2,1
SN0078,2026-05-29,19,947.86,3,1
SN0078,2026-05-30,17,315.55,3,1
SN0079,2026-05-01,7,496.52,4,1
SN0079,2026-05-02,7,243.53,3,1
SN0079,2026-05-03,4,104.84,1,1
SN0079,2026-05-04,7,366.55,1,1
SN0079,2026-05-05,4,798.45,3,1
SN0079,2026-05-06,6,366.72,3,1
SN0079,2026-05-07,13,176.44,3,1
SN0079,2026-05-08,9,780.68,0,1
SN0079,2026-05-09,6,493.28,4,1
SN0079,2026-05-10,2,501.16,1,1
SN0079,2026-05-11,19,159.16,3,1
SN0079,2026-05-12,10,419.48,4,1
SN0079,2026-05-13,6,94.85,1,1
SN0079,2026-05-14,18,740.51,2,1
SN0079,2026-05-15,17,169.2,4,1
SN0079,2026-05-16,9,10.55,3,1
SN0079,2026-05-17,18,891.87,2,1
SN0079,2026-05-18,7,115.61,3,1
SN0079,2026-05-19,18,37.22,3,1
SN0079,2026-05-20,14,990.75,1,1
SN0079,2026-05-21,18,851.54,2,1
SN0079,2026-05-22,4,974.76,2,1
SN0079,2026-05-23,15,500.88,2,1
SN0079,2026-05-24,7,899.51,2,1
SN0079,2026-05-25,1,928.37,1,1
SN0079,2026-05-26,0,835.54,3,1
SN0079,2026-05-27,7,255.67,3,1
SN0079,2026-05-28,0,843.68,3,1
SN0079,2026-05-29,7,803.86,2,1
SN0079,2026-05-30,0,713.61,0,1
SN0080,2026-05-01,7,141.62,0,1
SN0080,2026-05-02,7,966.59,1,1
SN0080,2026-05-03,8,142.79,2,1
SN0080,2026-05-04,17,951.7,4,1
SN0080,2026-05-05,19,698.34,2,1
SN0080,2026-05-06,13,724.56,2,1
SN0080,2026-05-07,15,442.65,2,1
SN0080,2026-05-08,2,777.91,4,1
SN0080,2026-05-09,7,362.87,3,1
SN0080,2026-05-10,16,888.64,3,1
SN0080,2026-05-11,15,316.45,0,1
SN0080,2026-05-12,16,723.53,4,1
SN0080,2026-05-13,4,29.3,2,1
SN0080,2026-05-14,12,545.75,0,1
SN0080,2026-05-15,14,81.47,1,1
SN0080,2026-05-16,8,950.74,2,1
SN0080,2026-05-17,10,466.68,0,1
SN0080,2026-05-18,16,37.57,2,1
SN0080,2026-05-19,3,508.71,1,1
SN0080,2026-05-20,13,744.75,0,1
SN0080,2026-05-21,3,900.31,3,1
SN0080,2026-05-22,2,645.24,2,1
SN0080,2026-05-23,3,825.25,4,1
SN0080,2026-05-24,10,697.86,1,1
SN0080,2026-05-25,6,518.21,2,1
SN0080,2026-05-26,6,920.77,1,1
SN0080,2026-05-27,7,955.02,1,1
SN0080,2026-05-28,12,311.19,3,1
SN0080,2026-05-29,11,240.25,4,1
SN0080,2026-05-30,17,582.14,2,1
SN0081,2026-05-01,14,164.27,0,1
SN0081,2026-05-02,19,915.93,4,1
SN0081,2026-05-03,8,192.69,2,1
SN0081,2026-05-04,12,718.1,4,1
SN0081,2026-05-05,4,967.86,2,1
SN0081,2026-05-06,4,173.67,2,1
SN0081,2026-05-07,18,246.66,2,1
SN0081,2026-05-08,12,266.11,1,1
SN0081,2026-05-09,7,413.67,2,1
SN0081,2026-05-10,0,693.4,1,1
SN0081,2026-05-11,11,277.89,2,1
SN0081,2026-05-12,15,443.65,3,1
SN0081,2026-05-13,9,440.37,2,1
SN0081,2026-05-14,17,873.36,0,1
SN0081,2026-05-15,15,888.6,4,1
SN0081,2026-05-16,8,748.11,3,1
SN0081,2026-05-17,11,189.52,0,1
SN0081,2026-05-18,6,424.79,3,1
SN0081,2026-05-19,6,761.93,1,1
SN0081,2026-05-20,11,465.28,2,1
SN0081,2026-05-21,1,262.27,0,1
SN0081,2026-05-22,4,947.57,0,1
SN0081,2026-05-23,19,721.45,2,1
SN0081,2026-05-24,9,881.64,3,1
SN0081,2026-05-25,5,562.14,4,1
SN0081,2026-05-26,8,954.42,4,1
SN0081,2026-05-27,15,707.94,2,1
SN0081,2026-05-28,19,32.49,4,1
SN0081,2026-05-29,17,999.47,0,1
SN0081,2026-05-30,11,841.1,1,1
SN0082,2026-05-01,16,32.86,0,1
SN0082,2026-05-02,2,230.4,3,1
SN0082,2026-05-03,1,981.9,3,1
SN0082,2026-05-04,16,948.2,2,1
SN0082,2026-05-05,19,702.32,4,1
SN0082,2026-05-06,11,356.61,2,1
SN0082,2026-05-07,16,766.35,1,1
SN0082,2026-05-08,10,647.52,2,1
SN0082,2026-05-09,8,713.96,1,1
SN0082,2026-05-10,3,517.13,3,1
SN0082,2026-05-11,7,592.49,1,1
SN0082,2026-05-12,18,405.81,1,1
SN0082,2026-05-13,19,383.61,0,1
SN0082,2026-05-14,16,603.79,1,1
SN0082,2026-05-15,6,410.82,0,1
SN0082,2026-05-16,16,966.02,4,1
SN0082,2026-05-17,19,371.84,0,1
SN0082,2026-05-18,6,221.78,0,1
SN0082,2026-05-19,6,80.06,1,1
SN0082,2026-05-20,10,35.97,2,1
SN0082,2026-05-21,3,771.47,0,1
SN0082,2026-05-22,12,854.52,1,1
SN0082,2026-05-23,4,52.33,0,1
SN0082,2026-05-24,11,30.46,2,1
SN0082,2026-05-25,12,747.24,0,1
SN0082,2026-05-26,10,737.22,3,1
SN0082,2026-05-27,10,471.7,4,1
SN0082,2026-05-28,15,676.16,4,1
SN0082,2026-05-29,16,729.77,3,1
SN0082,2026-05-30,18,80.02,4,1
SN0083,2026-05-01,4,554.62,2,1
SN0083,2026-05-02,5,9.1,0,1
SN0083,2026-05-03,6,867.97,2,1
SN0083,2026-05-04,10,459.94,2,1
SN0083,2026-05-05,3,188.5,0,1
SN0083,2026-05-06,4,336.39,0,1
SN0083,2026-05-07,0,559.14,2,1
SN0083,2026-05-08,5,144.44,3,1
SN0083,2026-05-09,10,334.1,4,1
SN0083,2026-05-10,4,585.65,3,1
SN0083,2026-05-11,2,761.01,2,1
SN0083,2026-05-12,16,52.94,4,1
SN0083,2026-05-13,3,955.18,4,1
SN0083,2026-05-14,16,323.52,0,1
SN0083,2026-05-15,1,576.94,4,1
SN0083,2026-05-16,3,356.19,3,1
SN0083,2026-05-17,12,656.0,0,1
SN0083,2026-05-18,6,5.86,3,1
SN0083,2026-05-19,16,77.88,3,1
SN0083,2026-05-20,7,568.92,0,1
SN0083,2026-05-21,18,941.91,3,1
SN0083,2026-05-22,9,669.15,0,1
SN0083,2026-05-23,12,49.15,1,1
SN0083,2026-05-24,12,790.51,2,1
SN0083,2026-05-25,14,616.24,0,1
SN0083,2026-05-26,2,272.32,3,1
SN0083,2026-05-27,11,920.76,0,1
SN0083,2026-05-28,7,533.48,0,1
SN0083,2026-05-29,19,212.28,0,1
SN0083,2026-05-30,1,116.75,2,1
SN0084,2026-05-01,5,899.6,3,1
SN0084,2026-05-02,10,195.36,2,1
SN0084,2026-05-03,12,57.09,0,1
SN0084,2026-05-04,5,530.42,0,1
SN0084,2026-05-05,14,501.7,2,1
SN0084,2026-05-06,15,524.5,2,1
SN0084,2026-05-07,9,767.17,3,1
SN0084,2026-05-08,11,71.11,3,1
SN0084,2026-05-09,9,743.29,2,1
SN0084,2026-05-10,3,138.4,0,1
SN0084,2026-05-11,12,524.67,1,1
SN0084,2026-05-12,8,906.87,4,1
SN0084,2026-05-13,8,407.08,1,1
SN0084,2026-05-14,5,226.73,2,1
SN0084,2026-05-15,5,894.75,2,1
SN0084,2026-05-16,14,263.08,3,1
SN0084,2026-05-17,9,189.56,0,1
SN0084,2026-05-18,17,430.94,1,1
SN0084,2026-05-19,17,320.62,1,1
SN0084,2026-05-20,7,585.56,2,1
SN0084,2026-05-21,6,320.57,1,1
SN0084,2026-05-22,4,296.18,1,1
SN0084,2026-05-23,0,808.36,4,1
SN0084,2026-05-24,19,795.97,4,1
SN0084,2026-05-25,3,332.0,3,1
SN0084,2026-05-26,17,792.69,0,1
SN0084,2026-05-27,13,873.31,2,1
SN0084,2026-05-28,12,607.47,4,1
SN0084,2026-05-29,1,527.58,0,1
SN0084,2026-05-30,16,752.35,2,1
SN0085,2026-05-01,10,517.01,0,1
SN0085,2026-05-02,6,297.39,4,1
SN0085,2026-05-03,10,207.79,1,1
SN0085,2026-05-04,9,217.78,1,1
SN0085,2026-05-05,9,740.88,2,1
SN0085,2026-05-06,0,355.53,1,1
SN0085,2026-05-07,9,294.7,3,1
SN0085,2026-05-08,8,406.41,0,1
SN0085,2026-05-09,0,929.92,4,1
SN0085,2026-05-10,18,661.47,4,1
SN0085,2026-05-11,3,498.2,1,1
SN0085,2026-05-12,11,130.45,0,1
SN0085,2026-05-13,5,89.34,4,1
SN0085,2026-05-14,15,772.27,4,1
SN0085,2026-05-15,6,827.58,4,1
SN0085,2026-05-16,16,575.07,4,1
SN0085,2026-05-17,0,857.76,3,1
SN0085,2026-05-18,17,11.01,1,1
SN0085,2026-05-19,3,664.45,4,1
SN0085,2026-05-20,12,3.83,2,1
SN0085,2026-05-21,1,142.85,1,1
SN0085,2026-05-22,18,789.97,2,1
SN0085,2026-05-23,6,477.11,0,1
SN0085,2026-05-24,9,679.17,3,1
SN0085,2026-05-25,14,992.83,0,1
SN0085,2026-05-26,4,287.4,0,1
SN0085,2026-05-27,6,174.21,3,1
SN0085,2026-05-28,8,177.56,1,1
SN0085,2026-05-29,8,286.85,0,1
SN0085,2026-05-30,0,159.75,4,1
SN0086,2026-05-01,1,792.84,4,1
SN0086,2026-05-02,13,520.12,4,1
SN0086,2026-05-03,14,264.3,3,1
SN0086,2026-05-04,15,511.34,3,1
SN0086,2026-05-05,15,164.73,2,1
SN0086,2026-05-06,7,156.92,4,1
SN0086,2026-05-07,17,588.14,1,1
SN0086,2026-05-08,0,481.9,0,1
SN0086,2026-05-09,14,315.94,4,1
SN0086,2026-05-10,19,874.75,0,1
SN0086,2026-05-11,1,805.09,0,1
SN0086,2026-05-12,1,410.29,1,1
SN0086,2026-05-13,19,398.48,0,1
SN0086,2026-05-14,4,467.39,0,1
SN0086,2026-05-15,15,187.93,0,1
SN0086,2026-05-16,16,98.69,2,1
SN0086,2026-05-17,9,365.23,4,1
SN0086,2026-05-18,16,739.47,1,1
SN0086,2026-05-19,7,333.7,2,1
SN0086,2026-05-20,17,774.0,0,1
SN0086,2026-05-21,10,795.54,0,1
SN0086,2026-05-22,1,130.88,3,1
SN0086,2026-05-23,3,932.5,0,1
SN0086,2026-05-24,2,709.79,3,1
SN0086,2026-05-25,9,932.13,1,1
SN0086,2026-05-26,5,234.1,1,1
SN0086,2026-05-27,9,124.43,0,1
SN0086,2026-05-28,7,931.54,4,1
SN0086,2026-05-29,14,511.53,1,1
SN0086,2026-05-30,13,363.32,2,1
SN0087,2026-05-01,14,106.09,2,1
SN0087,2026-05-02,10,968.02,4,1
SN0087,2026-05-03,17,166.95,1,1
SN0087,2026-05-04,1,85.41,0,1
SN0087,2026-05-05,13,193.62,1,1
SN0087,2026-05-06,3,507.51,3,1
SN0087,2026-05-07,14,931.49,0,1
SN0087,2026-05-08,18,781.29,0,1
SN0087,2026-05-09,5,327.01,2,1
SN0087,2026-05-10,15,275.19,2,1
SN0087,2026-05-11,6,71.91,0,1
SN0087,2026-05-12,18,814.57,1,1
SN0087,2026-05-13,8,200.63,4,1
SN0087,2026-05-14,1,306.4,0,1
SN0087,2026-05-15,12,503.07,4,1
SN0087,2026-05-16,1,855.93,0,1
SN0087,2026-05-17,15,192.84,1,1
SN0087,2026-05-18,4,767.23,0,1
SN0087,2026-05-19,9,321.69,2,1
SN0087,2026-05-20,9,4.88,3,1
SN0087,2026-05-21,12,841.98,2,1
SN0087,2026-05-22,1,659.36,0,1
SN0087,2026-05-23,2,477.05,3,1
SN0087,2026-05-24,14,755.89,0,1
SN0087,2026-05-25,7,3.66,1,1
SN0087,2026-05-26,18,858.84,2,1
SN0087,2026-05-27,2,765.27,0,1
SN0087,2026-05-28,3,801.91,2,1
SN0087,2026-05-29,8,483.07,4,1
SN0087,2026-05-30,11,977.85,2,1
SN0088,2026-05-01,19,215.36,2,1
SN0088,2026-05-02,19,379.37,2,1
SN0088,2026-05-03,11,615.35,3,1
SN0088,2026-05-04,15,48.46,4,1
SN0088,2026-05-05,19,565.89,3,1
SN0088,2026-05-06,10,39.56,0,1
SN0088,2026-05-07,3,649.15,4,1
SN0088,2026-05-08,15,638.14,1,1
SN0088,2026-05-09,12,511.59,1,1
SN0088,2026-05-10,18,53.46,0,1
SN0088,2026-05-11,12,49.35,3,1
SN0088,2026-05-12,1,497.95,4,1
SN0088,2026-05-13,8,867.15,4,1
SN0088,2026-05-14,15,46.96,0,1
SN0088,2026-05-15,16,882.24,4,1
SN0088,2026-05-16,14,20.12,1,1
SN0088,2026-05-17,16,473.77,3,1
SN0088,2026-05-18,2,468.14,3,1
SN0088,2026-05-19,15,641.27,2,1
SN0088,2026-05-20,16,702.63,2,1
SN0088,2026-05-21,16,531.34,0,1
SN0088,2026-05-22,11,642.11,3,1
SN0088,2026-05-23,13,902.83,4,1
SN0088,2026-05-24,14,470.82,3,1
SN0088,2026-05-25,9,601.69,0,1
SN0088,2026-05-26,11,436.05,0,1
SN0088,2026-05-27,19,771.24,0,1
SN0088,2026-05-28,18,194.13,3,1
SN0088,2026-05-29,0,934.82,0,1
SN0088,2026-05-30,1,472.58,4,1
SN0089,2026-05-01,7,157.37,4,1
SN0089,2026-05-02,19,802.2,0,1
SN0089,2026-05-03,2,83.38,3,1
SN0089,2026-05-04,17,404.49,1,1
SN0089,2026-05-05,2,705.76,0,1
SN0089,2026-05-06,10,831.25,2,1
SN0089,2026-05-07,14,533.55,4,1
SN0089,2026-05-08,11,675.89,4,1
SN0089,2026-05-09,2,15.5,0,1
SN0089,2026-05-10,6,606.66,2,1
SN0089,2026-05-11,15,241.35,3,1
SN0089,2026-05-12,18,894.18,0,1
SN0089,2026-05-13,5,740.02,1,1
SN0089,2026-05-14,18,792.66,4,1
SN0089,2026-05-15,14,40.07,3,1
SN0089,2026-05-16,0,2.91,2,1
SN0089,2026-05-17,8,284.29,3,1
SN0089,2026-05-18,8,454.21,2,1
SN0089,2026-05-19,11,916.96,3,1
SN0089,2026-05-20,15,537.69,3,1
SN0089,2026-05-21,11,590.82,2,1
SN0089,2026-05-22,8,150.61,0,1
SN0089,2026-05-23,2,729.52,0,1
SN0089,2026-05-24,13,205.19,0,1
SN0089,2026-05-25,7,829.43,0,1
SN0089,2026-05-26,2,467.75,0,1
SN0089,2026-05-27,17,887.84,1,1
SN0089,2026-05-28,13,555.91,1,1
SN0089,2026-05-29,15,15.17,3,1
SN0089,2026-05-30,15,778.52,2,1
SN0090,2026-05-01,7,497.57,2,1
SN0090,2026-05-02,9,182.92,0,1
SN0090,2026-05-03,7,432.44,3,1
SN0090,2026-05-04,13,74.43,1,1
SN0090,2026-05-05,0,58.28,0,1
SN0090,2026-05-06,16,571.09,3,1
SN0090,2026-05-07,14,460.06,1,1
SN0090,2026-05-08,18,18.36,2,1
SN0090,2026-05-09,14,37.98,2,1
SN0090,2026-05-10,8,923.22,3,1
SN0090,2026-05-11,0,127.1,3,1
SN0090,2026-05-12,9,592.48,4,1
SN0090,2026-05-13,17,654.23,0,1
SN0090,2026-05-14,5,9.17,4,1
SN0090,2026-05-15,13,959.02,1,1
SN0090,2026-05-16,19,312.74,1,1
SN0090,2026-05-17,8,244.75,4,1
SN0090,2026-05-18,6,723.99,4,1
SN0090,2026-05-19,2,408.04,4,1
SN0090,2026-05-20,19,787.68,3,1
SN0090,2026-05-21,3,326.89,1,1
SN0090,2026-05-22,12,122.48,3,1
SN0090,2026-05-23,18,410.02,0,1
SN0090,2026-05-24,15,69.8,0,1
SN0090,2026-05-25,17,945.12,1,1
SN0090,2026-05-26,7,671.3,1,1
SN0090,2026-05-27,10,866.86,0,1
SN0090,2026-05-28,6,736.25,1,1
SN0090,2026-05-29,2,656.2,4,1
SN0090,2026-05-30,19,46.4,0,1
SN0091,2026-05-01,2,626.1,4,1
SN0091,2026-05-02,0,306.2,2,1
SN0091,2026-05-03,0,239.26,4,1
SN0091,2026-05-04,1,270.35,2,1
SN0091,2026-05-05,10,318.45,3,1
SN0091,2026-05-06,8,580.97,1,1
SN0091,2026-05-07,5,410.93,3,1
SN0091,2026-05-08,18,711.12,2,1
SN0091,2026-05-09,5,756.23,1,1
SN0091,2026-05-10,12,817.85,2,1
SN0091,2026-05-11,18,807.74,1,1
SN0091,2026-05-12,18,100.95,4,1
SN0091,2026-05-13,13,770.44,3,1
SN0091,2026-05-14,3,501.44,0,1
SN0091,2026-05-15,3,409.56,4,1
SN0091,2026-05-16,3,228.1,2,1
SN0091,2026-05-17,14,175.78,0,1
SN0091,2026-05-18,16,254.77,2,1
SN0091,2026-05-19,17,504.93,4,1
SN0091,2026-05-20,15,812.73,3,1
SN0091,2026-05-21,8,224.56,1,1
SN0091,2026-05-22,18,369.02,1,1
SN0091,2026-05-23,6,518.4,0,1
SN0091,2026-05-24,8,293.35,4,1
SN0091,2026-05-25,6,760.31,3,1
SN0091,2026-05-26,6,456.32,0,1
SN0091,2026-05-27,15,71.26,0,1
SN0091,2026-05-28,3,103.51,4,1
SN0091,2026-05-29,16,937.7,2,1
SN0091,2026-05-30,14,946.08,4,1
SN0092,2026-05-01,10,540.76,1,1
SN0092,2026-05-02,8,546.39,0,1
SN0092,2026-05-03,13,343.17,2,1
SN0092,2026-05-04,15,73.14,3,1
SN0092,2026-05-05,9,543.88,3,1
SN0092,2026-05-06,2,695.88,1,1
SN0092,2026-05-07,14,968.11,3,1
SN0092,2026-05-08,17,695.41,4,1
SN0092,2026-05-09,5,56.0,1,1
SN0092,2026-05-10,0,812.41,4,1
SN0092,2026-05-11,0,833.21,2,1
SN0092,2026-05-12,9,394.95,0,1
SN0092,2026-05-13,3,982.14,1,1
SN0092,2026-05-14,15,924.98,0,1
SN0092,2026-05-15,10,325.78,0,1
SN0092,2026-05-16,5,0.4,4,1
SN0092,2026-05-17,14,48.56,3,1
SN0092,2026-05-18,13,445.64,1,1
SN0092,2026-05-19,4,126.15,1,1
SN0092,2026-05-20,6,29.74,1,1
SN0092,2026-05-21,17,659.87,4,1
SN0092,2026-05-22,12,758.38,0,1
SN0092,2026-05-23,5,50.46,4,1
SN0092,2026-05-24,0,527.5,0,1
SN0092,2026-05-25,16,927.67,0,1
SN0092,2026-05-26,14,554.83,3,1
SN0092,2026-05-27,4,961.86,0,1
SN0092,2026-05-28,0,492.78,1,1
SN0092,2026-05-29,9,895.79,2,1
SN0092,2026-05-30,10,364.12,1,1
SN0093,2026-05-01,8,129.04,3,1
SN0093,2026-05-02,13,274.71,0,1
SN0093,2026-05-03,16,40.59,3,1
SN0093,2026-05-04,17,832.99,0,1
SN0093,2026-05-05,17,789.29,1,1
SN0093,2026-05-06,4,966.87,0,1
SN0093,2026-05-07,15,264.01,3,1
SN0093,2026-05-08,5,668.5,1,1
SN0093,2026-05-09,0,320.73,0,1
SN0093,2026-05-10,11,532.09,0,1
SN0093,2026-05-11,14,68.01,2,1
SN0093,2026-05-12,9,661.59,2,1
SN0093,2026-05-13,11,573.49,0,1
SN0093,2026-05-14,12,56.25,4,1
SN0093,2026-05-15,13,992.77,3,1
SN0093,2026-05-16,19,654.24,2,1
SN0093,2026-05-17,15,509.08,0,1
SN0093,2026-05-18,12,128.19,2,1
SN0093,2026-05-19,8,619.57,4,1
SN0093,2026-05-20,10,777.33,2,1
SN0093,2026-05-21,4,645.76,2,1
SN0093,2026-05-22,3,162.17,4,1
SN0093,2026-05-23,3,678.79,0,1
SN0093,2026-05-24,12,716.72,1,1
SN0093,2026-05-25,0,654.77,2,1
SN0093,2026-05-26,4,194.55,4,1
SN0093,2026-05-27,8,579.13,4,1
SN0093,2026-05-28,15,900.91,1,1
SN0093,2026-05-29,9,633.27,2,1
SN0093,2026-05-30,9,298.34,0,1
SN0094,2026-05-01,6,163.61,3,1
SN0094,2026-05-02,12,588.81,0,1
SN0094,2026-05-03,18,430.98,1,1
SN0094,2026-05-04,1,687.44,2,1
SN0094,2026-05-05,0,894.87,2,1
SN0094,2026-05-06,0,348.6,4,1
SN0094,2026-05-07,15,810.26,3,1
SN0094,2026-05-08,10,812.61,0,1
SN0094,2026-05-09,5,689.64,0,1
SN0094,2026-05-10,17,625.98,3,1
SN0094,2026-05-11,4,585.08,2,1
SN0094,2026-05-12,3,495.69,0,1
SN0094,2026-05-13,16,89.52,3,1
SN0094,2026-05-14,12,254.15,4,1
SN0094,2026-05-15,18,485.26,1,1
SN0094,2026-05-16,10,304.76,4,1
SN0094,2026-05-17,16,85.91,1,1
SN0094,2026-05-18,7,443.86,3,1
SN0094,2026-05-19,19,469.18,3,1
SN0094,2026-05-20,14,100.62,2,1
SN0094,2026-05-21,9,663.73,1,1
SN0094,2026-05-22,0,460.1,4,1
SN0094,2026-05-23,11,842.95,2,1
SN0094,2026-05-24,4,860.81,0,1
SN0094,2026-05-25,0,35.17,4,1
SN0094,2026-05-26,3,450.71,1,1
SN0094,2026-05-27,0,339.66,2,1
SN0094,2026-05-28,8,256.02,4,1
SN0094,2026-05-29,4,116.27,4,1
SN0094,2026-05-30,8,458.65,2,1
SN0095,2026-05-01,8,93.99,3,1
SN0095,2026-05-02,2,404.71,4,1
SN0095,2026-05-03,18,996.3,0,1
SN0095,2026-05-04,13,901.45,0,1
SN0095,2026-05-05,12,868.48,3,1
SN0095,2026-05-06,18,614.17,0,1
SN0095,2026-05-07,0,817.9,0,1
SN0095,2026-05-08,15,398.25,4,1
SN0095,2026-05-09,19,667.42,1,1
SN0095,2026-05-10,8,871.55,2,1
SN0095,2026-05-11,17,54.21,0,1
SN0095,2026-05-12,18,496.32,4,1
SN0095,2026-05-13,0,877.71,4,1
SN0095,2026-05-14,2,883.76,4,1
SN0095,2026-05-15,17,212.73,4,1
SN0095,2026-05-16,6,503.62,0,1
SN0095,2026-05-17,7,404.86,3,1
SN0095,2026-05-18,1,971.52,0,1
SN0095,2026-05-19,4,792.39,1,1
SN0095,2026-05-20,0,415.0,1,1
SN0095,2026-05-21,0,930.45,3,1
SN0095,2026-05-22,15,995.48,1,1
SN0095,2026-05-23,17,820.58,3,1
SN0095,2026-05-24,9,239.21,1,1
SN0095,2026-05-25,8,56.38,2,1
SN0095,2026-05-26,8,657.79,1,1
SN0095,2026-05-27,13,789.38,1,1
SN0095,2026-05-28,0,274.04,0,1
SN0095,2026-05-29,12,427.51,4,1
SN0095,2026-05-30,18,835.94,2,1
SN0096,2026-05-01,0,840.44,4,1
SN0096,2026-05-02,6,195.75,1,1
SN0096,2026-05-03,4,393.68,0,1
SN0096,2026-05-04,0,61.22,3,1
SN0096,2026-05-05,9,748.41,4,1
SN0096,2026-05-06,5,458.97,0,1
SN0096,2026-05-07,5,941.82,3,1
SN0096,2026-05-08,2,105.27,1,1
SN0096,2026-05-09,3,855.59,0,1
SN0096,2026-05-10,4,449.6,0,1
SN0096,2026-05-11,12,233.04,1,1
SN0096,2026-05-12,13,663.79,0,1
SN0096,2026-05-13,11,342.02,0,1
SN0096,2026-05-14,5,733.15,1,1
SN0096,2026-05-15,18,951.4,0,1
SN0096,2026-05-16,9,298.04,3,1
SN0096,2026-05-17,10,916.64,3,1
SN0096,2026-05-18,0,671.78,4,1
SN0096,2026-05-19,8,675.99,2,1
SN0096,2026-05-20,16,489.23,4,1
SN0096,2026-05-21,7,222.08,4,1
SN0096,2026-05-22,0,74.18,0,1
SN0096,2026-05-23,4,724.91,1,1
SN0096,2026-05-24,16,117.56,2,1
SN0096,2026-05-25,7,11.78,0,1
SN0096,2026-05-26,4,304.58,2,1
SN0096,2026-05-27,17,786.53,0,1
SN0096,2026-05-28,14,320.18,0,1
SN0096,2026-05-29,6,187.9,0,1
SN0096,2026-05-30,6,602.51,4,1
SN0097,2026-05-01,15,901.92,2,1
SN0097,2026-05-02,15,448.41,3,1
SN0097,2026-05-03,16,926.28,2,1
SN0097,2026-05-04,12,861.03,4,1
SN0097,2026-05-05,11,157.24,2,1
SN0097,2026-05-06,0,513.43,1,1
SN0097,2026-05-07,11,145.57,1,1
SN0097,2026-05-08,17,112.67,2,1
SN0097,2026-05-09,3,40.95,1,1
SN0097,2026-05-10,13,983.6,2,1
SN0097,2026-05-11,6,326.62,4,1
SN0097,2026-05-12,9,450.02,0,1
SN0097,2026-05-13,1,355.77,4,1
SN0097,2026-05-14,16,514.57,3,1
SN0097,2026-05-15,16,319.59,1,1
SN0097,2026-05-16,17,147.45,2,1
SN0097,2026-05-17,12,811.91,0,1
SN0097,2026-05-18,16,189.85,4,1
SN0097,2026-05-19,12,721.29,0,1
SN0097,2026-05-20,6,726.19,4,1
SN0097,2026-05-21,4,500.36,0,1
SN0097,2026-05-22,5,277.43,4,1
SN0097,2026-05-23,1,835.78,4,1
SN0097,2026-05-24,14,764.88,4,1
SN0097,2026-05-25,14,882.84,2,1
SN0097,2026-05-26,17,517.63,1,1
SN0097,2026-05-27,9,749.32,4,1
SN0097,2026-05-28,4,73.56,2,1
SN0097,2026-05-29,2,529.88,2,1
SN0097,2026-05-30,14,482.42,4,1
SN0098,2026-05-01,6,272.29,2,1
SN0098,2026-05-02,16,620.82,0,1
SN0098,2026-05-03,9,738.35,2,1
SN0098,2026-05-04,2,592.98,0,1
SN0098,2026-05-05,8,461.93,4,1
SN0098,2026-05-06,15,343.98,3,1
SN0098,2026-05-07,12,996.68,4,1
SN0098,2026-05-08,13,644.72,3,1
SN0098,2026-05-09,6,31.06,3,1
SN0098,2026-05-10,18,15.85,0,1
SN0098,2026-05-11,12,366.75,3,1
SN0098,2026-05-12,13,447.27,4,1
SN0098,2026-05-13,5,922.31,4,1
SN0098,2026-05-14,12,54.68,3,1
SN0098,2026-05-15,18,177.41,4,1
SN0098,2026-05-16,1,139.72,2,1
SN0098,2026-05-17,16,933.68,2,1
SN0098,2026-05-18,7,179.65,2,1
SN0098,2026-05-19,7,385.16,1,1
SN0098,2026-05-20,15,874.61,4,1
SN0098,2026-05-21,18,665.27,3,1
SN0098,2026-05-22,4,133.47,2,1
SN0098,2026-05-23,17,599.43,0,1
SN0098,2026-05-24,19,741.64,1,1
SN0098,2026-05-25,9,662.37,0,1
SN0098,2026-05-26,11,688.12,0,1
SN0098,2026-05-27,5,247.21,4,1
SN0098,2026-05-28,13,262.04,4,1
SN0098,2026-05-29,17,891.82,3,1
SN0098,2026-05-30,15,613.85,4,1
SN0099,2026-05-01,10,713.32,0,1
SN0099,2026-05-02,6,624.7,2,1
SN0099,2026-05-03,12,719.02,4,1
SN0099,2026-05-04,0,298.55,4,1
SN0099,2026-05-05,2,25.74,2,1
SN0099,2026-05-06,4,803.3,2,1
SN0099,2026-05-07,12,518.22,1,1
SN0099,2026-05-08,5,30.82,0,1
SN0099,2026-05-09,11,13.01,2,1
SN0099,2026-05-10,13,924.22,4,1
SN0099,2026-05-11,0,391.97,4,1
SN0099,2026-05-12,0,428.89,2,1
SN0099,2026-05-13,19,203.41,3,1
SN0099,2026-05-14,5,855.82,0,1
SN0099,2026-05-15,11,186.58,0,1
SN0099,2026-05-16,15,800.66,4,1
SN0099,2026-05-17,8,670.54,3,1
SN0099,2026-05-18,4,106.99,3,1
SN0099,2026-05-19,17,256.95,2,1
SN0099,2026-05-20,6,56.52,3,1
SN0099,2026-05-21,17,431.51,4,1
SN0099,2026-05-22,1,940.54,4,1
SN0099,2026-05-23,10,566.81,1,1
SN0099,2026-05-24,16,540.99,1,1
SN0099,2026-05-25,2,856.73,2,1
SN0099,2026-05-26,10,335.95,0,1
SN0099,2026-05-27,3,95.06,3,1
SN0099,2026-05-28,17,813.62,4,1
SN0099,2026-05-29,14,455.66,4,1
SN0099,2026-05-30,16,471.08,0,1
